species,networks,Taxonomy
Abutilon Arias-Arone2016 unidsp 1,Arias_Arone_2016,Genus
Acacia Suzuki2007 unidsp 1,Suzuki_2007,Genus
Actinidia Koike2008 unidsp mult,Koike_2008,Genus
Ageratum Garcia-Estrada2012 unidsp 423,Garcia_Estrada_2012,Genus
Aglaia sp1 M_SD_002,M_SD_002,Genus
Akebia Koike2008 unidsp mult,Koike_2008,Genus
Alchornea Engel2000 unidsp 1,Engel_2000,Genus
Alchornea Quitian2018 unidsp 100,Quitian_2018_1000Natural,Genus
Aldama Garcia-Estrada2012 unidsp 50,Garcia_Estrada_2012,Genus
Allophylus Quitian2018 unidsp 200,Quitian_2018_2000Fragmented,Genus
Amaranthaceae Gorchov1995 unidsp 1,Gorchov_1995,Family
Annona Lopez& unidsp 866,Lopez_and_Vaughn_2004,Genus
Annonaceae Correa2016 unidsp 1,Correa_2016_Apaporis,Family
Annonaceae Engel2000 unidsp 1,Engel_2000,Family
Annonaceae Engel2000 unidsp 2,Engel_2000,Family
Annonaceae Engel2000 unidsp 3,Engel_2000,Family
Annonaceae Engel2000 unidsp 4,Engel_2000,Family
Annonaceae Engel2000 unidsp 5,Engel_2000,Family
Anthurium Arias-Arone2016 unidsp 1,Arias_Arone_2016,Genus
Anthurium Arias-Arone2016 unidsp 2,Arias_Arone_2016,Genus
Anthurium Arias-Arone2016 unidsp 3,Arias_Arone_2016,Genus
Anthurium Blake1992 unidsp 1,Blake_1992,Genus
Anthurium Castano2018 unidsp 1,Castano_2018,Genus
Anthurium Castro-Luna2012 unidsp 968,Castro_Luna_2012,Genus
Anthurium Correa2016 unidsp 1,Correa_2016_Caqueta,Genus
Anthurium Gorchov1995 unidsp 1,Gorchov_1995,Genus
Anthurium Lopez& unidsp 377,Lopez_and_Vaughn_2004,Genus
Anthurium Wolfe2014 unidsp mult,Wolfe_2014,Genus
Anthurium Zamora-Delgado2008 unidsp 760,Zamora_Delgado_2008,Genus
Aporosa Kamruzzaman2008 unidsp 906,Kamruzzaman_2008,Genus
Aporusa sp1 M_SD_002,M_SD_002,Genus
Araceae Correa2016 unidsp 1,Correa_2016_Caqueta,Family
Araceae Correa2016 unidsp 499,Correa_2016_Apaporis,Family
Araceae Gorchov1995 unidsp 1,Gorchov_1995,Family
Araceae Lima2016 unidsp 86,Lima_2016,Family
Asplundia Arias-Arone2016 unidsp 1,Arias_Arone_2016,Genus
Asteliaceae Arias-Arone2016 unidsp 1,Arias_Arone_2016,Family
Asystasia Engel2000 unidsp 1,Engel_2000,Genus
Aureliana Passos2003 unidsp 1,Passos_2003,Genus
Betula Jaroszewicz2013 unidsp 961,Jaroszewicz_2013,Genus
Bocageopsis Correa2016 unidsp 402,Correa_2016_Apaporis,Genus
Bromeliaceae Machado-de-Souza2019 unidsp 323,Machado_de_Souza_2019,Family
Byrsonima Correa2016 unidsp 227,Correa_2016_Apaporis,Genus
Byrsonima DosReis unidsp 1,Dos_Reis_1983_Cult_et_form_sec,Genus
Cactaceae Gorchov1995 unidsp 1,Gorchov_1995,Family
Calophyllum Correa2016 unidsp 1,Correa_2016_Caqueta,Genus
Campomanesia Lessa2013 unidsp 335,Lessa_2013,Genus
Canthium Engel2000 unidsp 1,Engel_2000,Genus
Canthium Engel2000 unidsp 2,Engel_2000,Genus
Canthium Engel2000 unidsp 3,Engel_2000,Genus
Canthium Engel2000 unidsp 4,Engel_2000,Genus
Canthium sp1 M_SD_002,M_SD_002,Genus
Carex Jaroszewicz2013 unidsp 793,Jaroszewicz_2013,Genus
Cavendishia Zamora-Delgado2008 unidsp 325,Zamora_Delgado_2008,Genus
Cecropia Andrade2011 unidsp 729,Andrade_2011,Genus
Cecropia Arias-Arone2016 unidsp 1,Arias_Arone_2016,Genus
Cecropia Arias-Arone2016 unidsp 2,Arias_Arone_2016,Genus
Cecropia Arias-Arone2016 unidsp 3,Arias_Arone_2016,Genus
Cecropia Arias-Arone2016 unidsp 4,Arias_Arone_2016,Genus
Cecropia Arias-Arone2016 unidsp 5,Arias_Arone_2016,Genus
Cecropia Arias-Arone2016 unidsp 6,Arias_Arone_2016,Genus
Cecropia Arias-Arone2016 unidsp 7,Arias_Arone_2016,Genus
Cecropia Athie2009 unidsp mult,Athie_2009,Genus
Cecropia Brito2010 unidsp 42,Brito_2010,Genus
Cecropia Carvalho2008 unidsp 1,Carvalho_2008,Genus
Cecropia Correa2016 unidsp 2,Correa_2016_Caqueta,Genus
Cecropia Correa2016 unidsp 3,Correa_2016_Caqueta,Genus
Cecropia Hayashi1996 unidsp 369,Hayashi_1996,Genus
Cecropia Lima2016 unidsp 653,Lima_2016,Genus
Cecropia Novoa2011 unidsp 498,Novoa_2011,Genus
Cecropia Quitian2018 unidsp 100,Quitian_2018_1000Fragmented,Genus
Cecropia Quitian2018 unidsp 101,Quitian_2018_1000Fragmented; Quitian_2018_1000Natural,Genus
Cecropia Quitian2018 unidsp 102,Quitian_2018_1000Fragmented,Genus
Cecropia SAAV1NA unidsp 487,SAAV1,Genus
Cecropia Santiago2014 unidsp 1,Santiago_2014_close_to_remnant; Santiago_2014_far_from_remnant,Genus
Cecropia deOliveira unidsp 2,de_Oliveira_1999,Genus
Celastraceae Correa2016 unidsp 721,Correa_2016_Apaporis,Family
Centropogon Castano2018 unidsp 1,Castano_2018,Genus
Cerastium sp1 M_SD_031,M_SD_031,Genus
Cestrum Preciado-Benitez2015 unidsp 1,Preciado_Benitez_2015,Genus
Cestrum sp1 M_SD_012,M_SD_012,Genus
Chenopodium Castley2001 unidsp 803,Castley_2001,Genus
Chiococca Andrade2011 unidsp 600,Andrade_2011,Genus
Chisocheton sp1 M_SD_002,M_SD_002,Genus
Chrysophyllum Correa2016 unidsp 1,Correa_2016_Caqueta,Genus
Cissampelos Blake1992 unidsp 713,Blake_1992,Genus
Citrus Nogales2017 unidsp 624,Nogales_2017,Genus
Citrus Suzuki2007 unidsp 1,Suzuki_2007,Genus
Clidemia M_SD_010single unidsp 1,M_SD_010_single_partners_added,Genus
Clidemia Wolfe2014 unidsp mult,Wolfe_2014,Genus
Clusia Blake1992 unidsp 110,Blake_1992,Genus
Clusia Correa2016 unidsp 1,Correa_2016_Caqueta,Genus
Clusia Correa2016 unidsp 2,Correa_2016_Caqueta,Genus
Clusia Correa2016 unidsp 914,Correa_2016_Apaporis,Genus
Clusia DosReis unidsp 1,Dos_Reis_1983_Cult_et_form_sec,Genus
Clusia Gorchov1995 unidsp 1,Gorchov_1995,Genus
Clusia M_SD_010single unidsp 1,M_SD_010_single_partners_added,Genus
Clusiaceae Aguiar2007 unidsp mult,Aguiar_2007,Family
Clusiaceae Gorchov1995 unidsp 1,Gorchov_1995,Family
Coccocypselum Santiago2014 unidsp 1,Santiago_2014_close_to_remnant,Genus
Coccoloba Malaccoda unidsp 152,Malacco_da_Silva_2014,Genus
Codonanthe Gorchov1995 unidsp 15,Gorchov_1995,Genus
Coffea DosReis unidsp 1,Dos_Reis_1983_Cult_et_form_sec,Genus
Columnea Castano2018 unidsp 1,Castano_2018,Genus
Conceveiba Correa2016 unidsp 1,Correa_2016_Caqueta,Genus
Conostegia Blake1992 unidsp 514,Blake_1992,Genus
Coprosma Odonnell1994 unidsp 1,Odonnell_1994,Genus
Cordia sp1 M_SD_012,M_SD_012,Genus
Cornus Labbe2011 unidsp 340,Labbe_2011,Genus
Coussapoa Gorchov1995 unidsp 1,Gorchov_1995,Genus
Coussarea Dehling2017 unidsp 1,Dehling_2017_San_Pedro_2,Genus
Coussarea SAAV2NA unidsp 528,SAAV2,Genus
Cryptocarya Pratt1985 unidsp 1,Pratt_1985,Genus
Cryptocarya Pratt1985 unidsp 2,Pratt_1985,Genus
Cuatresia Zamora-Delgado2008 unidsp 444,Zamora_Delgado_2008,Genus
Cucumis Engel2000 unidsp 1,Engel_2000,Genus
Cucurbitaceae Correa2016 unidsp 1,Correa_2016_Apaporis; Correa_2016_Caqueta,Family
Cucurbitaceae Gomes2013 unidsp 32,Gomes_2013,Family
Cucurbitaceae Gorchov1995 unidsp 1,Gorchov_1995,Family
Cupania M_SD_010single unidsp 1,M_SD_010_single_partners_added,Genus
Cupania deOliveira unidsp 516,de_Oliveira_1999,Genus
Cyclanthaceae Arias-Arone2016 unidsp 1,Arias_Arone_2016,Family
Cyperaceae Cruz2013 unidsp 1,Cruz_2013_Summer,Family
Cyperaceae Wyman2017 unidsp mult,Wyman_2017,Family
Dacryodes Quitian2018 unidsp 100,Quitian_2018_1000Fragmented; Quitian_2018_1000Natural,Genus
Dieffenbachia Blake1992 unidsp 353,Blake_1992,Genus
Dilleniaceae Blake1992 unidsp 417,Blake_1992,Family
Diospyros Engel2000 unidsp 1,Engel_2000,Genus
Drymaria Garcia-Estrada2012 unidsp 359,Garcia_Estrada_2012,Genus
Dysoxylum Pratt1985 unidsp 640,Pratt_1985,Genus
Dysoxylum sp1 M_SD_002,M_SD_002,Genus
Elaeagnus Labbe2011 unidsp 63,Labbe_2011,Genus
Elaeocarpus Pratt1985 unidsp 61,Pratt_1985,Genus
Elmerrillia sp1 M_SD_002,M_SD_002,Genus
Endlicheria Dehling2017 unidsp 438,Dehling_2017_San_Pedro_1,Genus
Endospermum sp1 M_SD_002,M_SD_002,Genus
Epilobium Jaroszewicz2013 unidsp 204,Jaroszewicz_2013,Genus
Eragrostis Nogales2017 unidsp 133,Nogales_2017,Genus
Ericaceae Blake1992 unidsp 117,Blake_1992,Family
Eriosema Engel2000 unidsp 1,Engel_2000,Genus
Erythroxylum Genrich2017 unidsp 693,Genrich_2017,Genus
Erythroxylum Malaccoda unidsp 3,Malacco_da_Silva_2014,Genus
Eugenia Castro2015 unidsp 1,Castro_2015,Genus
Eugenia Castro2015 unidsp 2,Castro_2015,Genus
Eugenia Correa2016 unidsp 137,Correa_2016_Apaporis,Genus
Eugenia Faustino2006 unidsp 538,Faustino_2006,Genus
Eugenia SAAV1NA unidsp 885,SAAV1,Genus
Eugenia SAAV2NA unidsp 815,SAAV2,Genus
Eugenia deOliveira unidsp 914,de_Oliveira_1999,Genus
Euphorbiaceae Arias-Arone2016 unidsp 1,Arias_Arone_2016,Family
Euphorbiaceae Arias-Arone2016 unidsp 2,Arias_Arone_2016,Family
Euphorbiaceae Cruz2013 unidsp 1,Cruz_2013_Autumn; Cruz_2013_Winter,Family
Euphorbiaceae Genrich2017 unidsp 556,Genrich_2017,Family
Fagaceae Gomes2013 unidsp 966,Gomes_2013,Family
Fagaceae Lessa2013 unidsp 1,Lessa_2013,Family
Fagaceae Lessa2013 unidsp 2,Lessa_2013,Family
Fagaceae SARMwhole unidsp 1,SARM_whole_network_from_paper,Family
Fagaceae SARMwhole unidsp 2,SARM_whole_network_from_paper,Family
Fagaceae SARMwhole unidsp 225,SARM_whole_network_from_paper,Family
Ficus 181,M_SD_002,Genus
Ficus 202,M_SD_002,Genus
Ficus 217,M_SD_002,Genus
Ficus 246,M_SD_002,Genus
Ficus 275,M_SD_002,Genus
Ficus 371,M_SD_002,Genus
Ficus Aguiar2007 unidsp mult,Aguiar_2007,Genus
Ficus Arias-Arone2016 unidsp 1,Arias_Arone_2016,Genus
Ficus Arias-Arone2016 unidsp 2,Arias_Arone_2016,Genus
Ficus Arias-Arone2016 unidsp 3,Arias_Arone_2016,Genus
Ficus Arias-Arone2016 unidsp 4,Arias_Arone_2016,Genus
Ficus Blake1992 unidsp 734,Blake_1992,Genus
Ficus Brito2010 unidsp 314,Brito_2010,Genus
Ficus Carvalho2008 unidsp mult,Carvalho_2008,Genus
Ficus Castano2018 unidsp 1,Castano_2018,Genus
Ficus Castano2018 unidsp 2,Castano_2018,Genus
Ficus Castano2018 unidsp 3,Castano_2018,Genus
Ficus Castro-Luna2012 unidsp 11,Castro_Luna_2012,Genus
Ficus Castro-Luna2012 unidsp 12,Castro_Luna_2012,Genus
Ficus Castro-Luna2012 unidsp 22,Castro_Luna_2012,Genus
Ficus Castro-Luna2012 unidsp 44,Castro_Luna_2012,Genus
Ficus Castro-Luna2012 unidsp 55,Castro_Luna_2012,Genus
Ficus Castro-Luna2012 unidsp 66,Castro_Luna_2012,Genus
Ficus Correa2016 unidsp 1,Correa_2016_Apaporis; Correa_2016_Caqueta,Genus
Ficus Correa2016 unidsp 2,Correa_2016_Caqueta,Genus
Ficus Correa2016 unidsp 3,Correa_2016_Caqueta,Genus
Ficus Daru2015 unidsp 1,Daru_2015,Genus
Ficus DosReis unidsp 1,Dos_Reis_1983_Cult_et_form_sec,Genus
Ficus Engel2000 unidsp 1,Engel_2000,Genus
Ficus Fadini2004 unidsp 945,Fadini_2004,Genus
Ficus Faria1996 unidsp 1,Faria_1996,Genus
Ficus Faria1996 unidsp 2,Faria_1996,Genus
Ficus Fleming1977 unidsp mult,Fleming_1977,Genus
Ficus Garcia-Estrada2012 unidsp 2,Garcia_Estrada_2012,Genus
Ficus Garcia-Estrada2012 unidsp 3,Garcia_Estrada_2012,Genus
Ficus Garcia-Morales2012 unidsp 1,Garcia_Morales_2012,Genus
Ficus Garciaet unidsp 1,Garcia_et_al_2000,Genus
Ficus Garciaet unidsp 2,Garcia_et_al_2000,Genus
Ficus Garciaet unidsp 3,Garcia_et_al_2000,Genus
Ficus Genrich2017 unidsp 270,Genrich_2017,Genus
Ficus Gomes2013 unidsp 388,Gomes_2013,Genus
Ficus Gorchov1995 unidsp 1,Gorchov_1995,Genus
Ficus Gorchov1995 unidsp 2,Gorchov_1995,Genus
Ficus Gorchov1995 unidsp 3,Gorchov_1995,Genus
Ficus Gorchov1995 unidsp 4,Gorchov_1995,Genus
Ficus Gorchov1995 unidsp 42,Gorchov_1995,Genus
Ficus Gorchov1995 unidsp 9,Gorchov_1995,Genus
Ficus Lima2016 unidsp 1,Lima_2016,Genus
Ficus Lima2016 unidsp 2,Lima_2016,Genus
Ficus Lima2016 unidsp 3,Lima_2016,Genus
Ficus Lou2005 unidsp 1,Lou_2005,Genus
Ficus Lou2005 unidsp 2,Lou_2005,Genus
Ficus Lou2005 unidsp 3,Lou_2005,Genus
Ficus Lou2005 unidsp 4,Lou_2005,Genus
Ficus Lou2007 unidsp 1,Lou_2007,Genus
Ficus Lou2007 unidsp 2,Lou_2007,Genus
Ficus Mancina2007 unidsp 1,Mancina_2007_dry,Genus
Ficus Mello2014 unidsp 1,Mello_2014_Mata_de_Grota,Genus
Ficus Munster2008 unidsp 1,Munster_2008,Genus
Ficus Munster2008 unidsp 2,Munster_2008,Genus
Ficus Novoa2011 unidsp 1,Novoa_2011,Genus
Ficus Novoa2011 unidsp 2,Novoa_2011,Genus
Ficus Novoa2011 unidsp 3,Novoa_2011,Genus
Ficus Palmeirim1989 unidsp 2,Palmeirim_1989,Genus
Ficus Passos2003 unidsp 1,Passos_2003,Genus
Ficus Pedro1992 unidsp 1,Pedro_1992,Genus
Ficus Pratt1985 unidsp 8,Pratt_1985,Genus
Ficus Ramos-Robles2016 unidsp 872,Ramos_Robles_2016_net6,Genus
Ficus Ramos-Robles2016 unidsp 909,Ramos_Robles_2016_net4,Genus
Ficus Sanchez2012 unidsp 401,Sanchez_2012_Iguazu,Genus
Ficus SilvaOliveira unidsp mult,Silva_Oliveira_2018,Genus
Ficus Silveira2006 unidsp 655,Silveira_2006,Genus
Ficus SouzaLaurindo unidsp 1,Souza_Laurindo_2017,Genus
Ficus Suzuki2007 unidsp 3,Suzuki_2007,Genus
Ficus Tavares2007 unidsp mult,Tavares_2007,Genus
Ficus Zamora-Delgado2008 unidsp 1,Zamora_Delgado_2008,Genus
Ficus Zamora-Delgado2008 unidsp 2,Zamora_Delgado_2008,Genus
Ficus Zapata-Mesa2017 unidsp 1,Zapata_Mesa_2017_MR_September,Genus
Ficus deOliveira unidsp 300,de_Oliveira_1999,Genus
Ficus sp1 M_SD_003,M_SD_003,Genus
Ficus sp1 M_SD_004,M_SD_004,Genus
Ficus sp1 M_SD_005,M_SD_005,Genus
Ficus sp1 M_SD_006,M_SD_006,Genus
Flacourtiaceae Arias-Arone2016 unidsp 1,Arias_Arone_2016,Family
Galium Zamora-Delgado2008 unidsp 959,Zamora_Delgado_2008,Genus
Gastonia sp1 M_SD_002,M_SD_002,Genus
Geonoma Wolfe2014 unidsp mult,Wolfe_2014,Genus
Gesneriaceae Gorchov1995 unidsp 1,Gorchov_1995,Family
Gesneriaceae Zamora-Delgado2008 unidsp 371,Zamora_Delgado_2008,Family
Glochidion Kamruzzaman2008 unidsp 874,Kamruzzaman_2008,Genus
Glochidion sp1 M_SD_002,M_SD_002,Genus
Gnetum Suzuki2007 unidsp 1,Suzuki_2007,Genus
Godmania Santiago2014 unidsp 174,Santiago_2014_far_from_remnant,Genus
Godmania Santiago2014 unidsp 578,Santiago_2014_close_to_remnant,Genus
Guatteria Correa2016 unidsp 1,Correa_2016_Caqueta,Genus
Guatteria Correa2016 unidsp 172,Correa_2016_Apaporis,Genus
Guatteria Quitian2018 unidsp 100,Quitian_2018_1000Natural,Genus
Guettarda Quitian2018 unidsp 101,Quitian_2018_1000Natural,Genus
Hedyosmum Zamora-Delgado2008 unidsp 144,Zamora_Delgado_2008,Genus
Henriettea Gorchov1995 unidsp 1,Gorchov_1995,Genus
Henriettea M_SD_010single unidsp 1,M_SD_010_single_partners_added,Genus
Hieronyma Zamora-Delgado2008 unidsp 1,Zamora_Delgado_2008,Genus
Homalanthus sp1 M_SD_002,M_SD_002,Genus
Ilex Fadini2004 unidsp 484,Fadini_2004,Genus
Ilex M_SD_010single unidsp 1,M_SD_010_single_partners_added,Genus
Ilex Machado-de-Souza2019 unidsp 909,Machado_de_Souza_2019,Genus
Inga Arias-Arone2016 unidsp 1,Arias_Arone_2016,Genus
Inga Correa2016 unidsp 12,Correa_2016_Apaporis,Genus
Inga Quitian2018 unidsp 100,Quitian_2018_1000Fragmented,Genus
Inga Quitian2018 unidsp 101,Quitian_2018_1000Fragmented,Genus
Inga Quitian2018 unidsp 200,Quitian_2018_2000Fragmented,Genus
Juncus Jaroszewicz2013 unidsp 323,Jaroszewicz_2013,Genus
Laetia Correa2016 unidsp 1,Correa_2016_Caqueta,Genus
Landolphia Engel2000 unidsp 1,Engel_2000,Genus
Landolphia Engel2000 unidsp 2,Engel_2000,Genus
Lauraceae Correa2016 unidsp 1,Correa_2016_Caqueta,Family
Lauraceae Machado-de-Souza2019 unidsp 402,Machado_de_Souza_2019,Family
Leandra Blake1992 unidsp 707,Blake_1992,Genus
Leandra Genrich2017 unidsp 105,Genrich_2017,Genus
Lecointea Arias-Arone2016 unidsp 1,Arias_Arone_2016,Genus
Licaria Dehling2017 unidsp 853,Dehling_2017_Wayqecha_3,Genus
Linociera Pratt1985 unidsp 588,Pratt_1985,Genus
Lithocarpus Suzuki2007 unidsp 1,Suzuki_2007,Genus
Litsea VELHO2NA unidsp 75,VELHO2,Genus
Litsea VELHONA unidsp 800,VELHO,Genus
Lonicera Labbe2011 unidsp 944,Labbe_2011,Genus
Lophomyrtus Wyman2017 unidsp 780,Wyman_2017,Genus
Loranthaceae Correa2016 unidsp 1,Correa_2016_Caqueta,Family
Loranthaceae Quitian2018 unidsp 202,Quitian_2018_2000Fragmented,Family
Lycianthes Arias-Arone2016 unidsp 1,Arias_Arone_2016,Genus
Lycianthes Blake1992 unidsp 084,Blake_1992,Genus
Lycianthes Zamora-Delgado2008 unidsp 62,Zamora_Delgado_2008,Genus
Marcgravia Gorchov1995 unidsp 1,Gorchov_1995,Family
Marcgravia Gorchov1995 unidsp 301,Gorchov_1995,Family
Marcgravia M_SD_010single unidsp 793,M_SD_010_single_partners_added,Family
Marcgraviaceae Arias-Arone2016 unidsp 1,Arias_Arone_2016,Family
Marcgraviaceae Arias-Arone2016 unidsp 2,Arias_Arone_2016,Family
Marcgraviaceae Gorchov1995 unidsp 1,Gorchov_1995,Family
Maytenus Machado-de-Souza2019 unidsp 277,Machado_de_Souza_2019,Genus
Melastomataceae Arias-Arone2016 unidsp 1,Arias_Arone_2016,Family
Melastomataceae Arias-Arone2016 unidsp 2,Arias_Arone_2016,Family
Melastomataceae Blake1992 unidsp 073,Blake_1992,Family
Melastomataceae Blake1992 unidsp 103,Blake_1992,Family
Melastomataceae Blake1992 unidsp 108,Blake_1992,Family
Melastomataceae Blake1992 unidsp 118,Blake_1992,Family
Melastomataceae Gorchov1995 unidsp 1,Gorchov_1995,Family
Melastomataceae Gorchov1995 unidsp 2,Gorchov_1995,Family
Melastomataceae Lessa2010 unidsp 1,Lessa_2010,Family
Melastomataceae SARMwhole unidsp 2,SARM_whole_network_from_paper,Family
Melastomataceae SARMwhole unidsp mult,SARM_whole_network_from_paper,Family
Miconia Arias-Arone2016 unidsp 1,Arias_Arone_2016,Genus
Miconia Blake1992 unidsp 036,Blake_1992,Genus
Miconia Blake1992 unidsp 055,Blake_1992,Genus
Miconia Blake1992 unidsp 110,Blake_1992,Genus
Miconia Blake1992 unidsp 280,Blake_1992,Genus
Miconia Blake1992 unidsp 384,Blake_1992,Genus
Miconia Dehling2017 unidsp 2,Dehling_2017_Wayqecha_2,Genus
Miconia Dehling2017 unidsp 3,Dehling_2017_San_Pedro_1,Genus
Miconia Dehling2017 unidsp 6,Dehling_2017_San_Pedro_1,Genus
Miconia Fadini2004 unidsp 1,Fadini_2004,Genus
Miconia Garciaet unidsp 457,Garcia_et_al_2000,Genus
Miconia Kessler-Rios2012 unidsp 1,Kessler_Rios_2012,Genus
Miconia Lessa2013 unidsp 448,Lessa_2013,Genus
Miconia M_SD_010single unidsp 1,M_SD_010_single_partners_added,Genus
Miconia Machado-de-Souza2019 unidsp 1,Machado_de_Souza_2019,Genus
Miconia Machado-de-Souza2019 unidsp 2,Machado_de_Souza_2019,Genus
Miconia Novoa2011 unidsp 232,Novoa_2011,Genus
Miconia Quitian2018 unidsp 100,Quitian_2018_1000Natural,Genus
Miconia Quitian2018 unidsp 101,Quitian_2018_1000Natural,Genus
Miconia Quitian2018 unidsp 103,Quitian_2018_1000Fragmented,Genus
Miconia Quitian2018 unidsp 105,Quitian_2018_1000Fragmented,Genus
Miconia Quitian2018 unidsp 106,Quitian_2018_1000Natural,Genus
Miconia Quitian2018 unidsp 107,Quitian_2018_1000Natural,Genus
Miconia Quitian2018 unidsp 108,Quitian_2018_1000Fragmented; Quitian_2018_1000Natural,Genus
Miconia Quitian2018 unidsp 109,Quitian_2018_1000Fragmented,Genus
Miconia Quitian2018 unidsp 111,Quitian_2018_1000Fragmented; Quitian_2018_1000Natural,Genus
Miconia Quitian2018 unidsp 112,Quitian_2018_1000Fragmented; Quitian_2018_1000Natural,Genus
Miconia Quitian2018 unidsp 114,Quitian_2018_1000Fragmented,Genus
Miconia Quitian2018 unidsp 115,Quitian_2018_1000Natural,Genus
Miconia Quitian2018 unidsp 116,Quitian_2018_1000Fragmented; Quitian_2018_1000Natural,Genus
Miconia Quitian2018 unidsp 118,Quitian_2018_1000Natural,Genus
Miconia Quitian2018 unidsp 201,Quitian_2018_2000Natural,Genus
Miconia Quitian2018 unidsp 204,Quitian_2018_2000Fragmented,Genus
Miconia Quitian2018 unidsp 206,Quitian_2018_2000Fragmented,Genus
Miconia SARMwhole unidsp 1,SARM_whole_network_from_paper,Genus
Miconia SARMwhole unidsp 2,SARM_whole_network_from_paper,Genus
Miconia Zamora-Delgado2008 unidsp 1,Zamora_Delgado_2008,Genus
Miconia Zamora-Delgado2008 unidsp 10,Zamora_Delgado_2008,Genus
Miconia Zamora-Delgado2008 unidsp 2,Zamora_Delgado_2008,Genus
Miconia Zamora-Delgado2008 unidsp 3,Zamora_Delgado_2008,Genus
Miconia Zamora-Delgado2008 unidsp 4,Zamora_Delgado_2008,Genus
Miconia Zamora-Delgado2008 unidsp 5,Zamora_Delgado_2008,Genus
Miconia Zamora-Delgado2008 unidsp 6,Zamora_Delgado_2008,Genus
Miconia Zamora-Delgado2008 unidsp 7,Zamora_Delgado_2008,Genus
Miconia Zamora-Delgado2008 unidsp mult,Zamora_Delgado_2008,Genus
Miconia sp1 M_SD_012,M_SD_012,Genus
Mikania Quitian2018 unidsp 100,Quitian_2018_1000Fragmented,Genus
Mitragyna Suzuki2007 unidsp 1,Suzuki_2007,Genus
Mollia Quitian2018 unidsp 100,Quitian_2018_1000Fragmented,Genus
Monnina Quitian2018 unidsp 200,Quitian_2018_2000Fragmented,Genus
Moraceae Lou2005 unidsp 938,Lou_2005,Family
Moraceae Munster2008 unidsp 1,Munster_2008,Family
Musa DosReis unidsp 1,Dos_Reis_1983_Cult_et_form_sec,Genus
Musa Engel2000 unidsp 1,Engel_2000,Genus
Myrcia Andrade2011 unidsp 504,Andrade_2011,Genus
Myrcia Lessa2010 unidsp 571,Lessa_2010,Genus
Myrcia Lessa2013 unidsp 688,Lessa_2013,Genus
Myrcia M_SD_010single unidsp 1,M_SD_010_single_partners_added,Genus
Myrcia sp1 M_SD_003,M_SD_003,Genus
Myristica sp1 M_SD_002,M_SD_002,Genus
Myrsine Castro2015 unidsp 367,Castro_2015,Genus
Myrsine Machado-de-Souza2019 unidsp 138,Machado_de_Souza_2019,Genus
Myrtaceae Genrich2017 unidsp 1,Genrich_2017,Family
Myrtaceae Genrich2017 unidsp 2,Genrich_2017,Family
Myrtaceae Lessa2010 unidsp 1,Lessa_2010,Family
Myrtaceae Lessa2013 unidsp 1,Lessa_2013,Family
Myrtaceae Lima2016 unidsp 158,Lima_2016,Family
Myrtaceae Machado-de-Souza2019 unidsp 1,Machado_de_Souza_2019,Family
Myrtaceae Machado-de-Souza2019 unidsp 2,Machado_de_Souza_2019,Family
Myrtaceae Machado-de-Souza2019 unidsp 3,Machado_de_Souza_2019,Family
Myrtaceae Malaccoda unidsp 626,Malacco_da_Silva_2014,Family
Nectandra Fadini2004 unidsp 1,Fadini_2004,Genus
Neea Dehling2017 unidsp 1,Dehling_2017_San_Pedro_1,Genus
Nertera Odonnell1994 unidsp 929,Odonnell_1994,Genus
Nicotiana Arias-Arone2016 unidsp 1,Arias_Arone_2016,Genus
Ocotea Dehling2017 unidsp 231,Dehling_2017_San_Pedro_1,Genus
Ocotea Lessa2010 unidsp 109,Lessa_2010,Genus
Ocotea Malaccoda unidsp 392,Malacco_da_Silva_2014,Genus
Ocotea sp1 M_SD_012,M_SD_012,Genus
Orthaea Zamora-Delgado2008 unidsp 322,Zamora_Delgado_2008,Genus
Ossaea Blake1992 unidsp 369,Blake_1992,Genus
Ottonia Munster2008 unidsp 1,Munster_2008,Genus
Palicourea Quitian2018 unidsp 201,Quitian_2018_2000Natural,Genus
Palicourea Zamora-Delgado2008 unidsp 1,Zamora_Delgado_2008,Genus
Palicourea Zamora-Delgado2008 unidsp 2,Zamora_Delgado_2008,Genus
Palicourea sp1 M_SD_012,M_SD_012,Genus
Pandanus sp1 M_SD_002,M_SD_002,Genus
Panicum Nogales2017 unidsp 497,Nogales_2017,Genus
Passiflora Lopez& unidsp 485,Lopez_and_Vaughn_2004,Genus
Passifloraceae Gorchov1995 unidsp 1,Gorchov_1995,Family
Passifloraceae Gorchov1995 unidsp 2,Gorchov_1995,Family
Passifloraceae SARMwhole unidsp mult,SARM_whole_network_from_paper,Family
Paullinia Fadini2004 unidsp 979,Fadini_2004,Genus
Paullinia sp1 M_SD_012,M_SD_012,Genus
Peperomia Garcia-Estrada2012 unidsp 275,Garcia_Estrada_2012,Genus
Peraxilla Odonnell1994 unidsp 2,Odonnell_1994,Genus
Phellodendron Lima2016 unidsp 661,Lima_2016,Genus
Phillyrea Traveset1992 unidsp mult,Traveset_1992,Genus
Philodendron Arias-Arone2016 unidsp 1,Arias_Arone_2016,Genus
Philodendron Arias-Arone2016 unidsp 2,Arias_Arone_2016,Genus
Philodendron Castano2018 unidsp 1,Castano_2018,Genus
Philodendron Correa2016 unidsp 1,Correa_2016_Caqueta,Genus
Philodendron Gorchov1995 unidsp 1,Gorchov_1995,Genus
Philodendron Lopez& unidsp 390,Lopez_and_Vaughn_2004,Genus
Philodendron Mello2014 unidsp 1,Mello_2014_Mata_de_Grota,Genus
Phoradendron sp1 M_SD_003,M_SD_003,Genus
Phoradendron sp1 M_SD_004,M_SD_004,Genus
Phyllanthus Correa2016 unidsp 210,Correa_2016_Apaporis,Genus
Physalis Gorchov1995 unidsp 1,Gorchov_1995,Genus
Physalis Santiago2014 unidsp 26,Santiago_2014_far_from_remnant,Genus
Physalis Santiago2014 unidsp 347,Santiago_2014_close_to_remnant,Genus
Physalis Zamora-Delgado2008 unidsp 276,Zamora_Delgado_2008,Genus
Piper Aguiar2007 unidsp 1,Aguiar_2007,Genus
Piper Aguilar-Garavito2014 unidsp 1,Aguilar_Garavito_2014_mature,Genus
Piper Aguilar-Garavito2014 unidsp 2,Aguilar_Garavito_2014_mature,Genus
Piper Arias-Arone2016 unidsp 1,Arias_Arone_2016,Genus
Piper Arias-Arone2016 unidsp 2,Arias_Arone_2016,Genus
Piper Arias-Arone2016 unidsp 3,Arias_Arone_2016,Genus
Piper Arias-Arone2016 unidsp 4,Arias_Arone_2016,Genus
Piper Arias-Arone2016 unidsp 5,Arias_Arone_2016,Genus
Piper Arias-Arone2016 unidsp 6,Arias_Arone_2016,Genus
Piper Arias-Arone2016 unidsp 7,Arias_Arone_2016,Genus
Piper Arias-Arone2016 unidsp 8,Arias_Arone_2016,Genus
Piper Athie2009 unidsp 831,Athie_2009,Genus
Piper Blake1992 unidsp 007,Blake_1992,Genus
Piper Brito2010 unidsp 764,Brito_2010,Genus
Piper Carvalho2008 unidsp mult,Carvalho_2008,Genus
Piper Castano2018 unidsp 1,Castano_2018,Genus
Piper Castro-Luna2012 unidsp 1,Castro_Luna_2012,Genus
Piper Castro-Luna2012 unidsp 2,Castro_Luna_2012,Genus
Piper Castro-Luna2012 unidsp 3,Castro_Luna_2012,Genus
Piper Castro-Luna2012 unidsp 4,Castro_Luna_2012,Genus
Piper Castro-Luna2012 unidsp 5,Castro_Luna_2012,Genus
Piper Faria1996 unidsp 2,Faria_1996,Genus
Piper Garcia-Morales2012 unidsp 1,Garcia_Morales_2012,Genus
Piper Garcia-Morales2012 unidsp 2,Garcia_Morales_2012,Genus
Piper Garciaet unidsp 302,Garcia_et_al_2000,Genus
Piper Gomes2013 unidsp 1,Gomes_2013,Genus
Piper Gomes2013 unidsp 2,Gomes_2013,Genus
Piper Gomes2013 unidsp 3,Gomes_2013,Genus
Piper Gomes2013 unidsp 4,Gomes_2013,Genus
Piper Gorchov1995 unidsp 1,Gorchov_1995,Genus
Piper Gorchov1995 unidsp 2,Gorchov_1995,Genus
Piper Gorchov1995 unidsp 3,Gorchov_1995,Genus
Piper Hayashi1996 unidsp 42,Hayashi_1996,Genus
Piper Lima2016 unidsp 1,Lima_2016,Genus
Piper Lima2016 unidsp 2,Lima_2016,Genus
Piper Lima2016 unidsp 3,Lima_2016,Genus
Piper Lopez& unidsp 1,Lopez_and_Vaughn_2004,Genus
Piper Lopez& unidsp 2,Lopez_and_Vaughn_2004,Genus
Piper Lopez& unidsp 3,Lopez_and_Vaughn_2004,Genus
Piper Lopez& unidsp 4,Lopez_and_Vaughn_2004,Genus
Piper Lopez& unidsp 5,Lopez_and_Vaughn_2004,Genus
Piper Lou2005 unidsp 1,Lou_2005,Genus
Piper Lou2005 unidsp 2,Lou_2005,Genus
Piper Lou2007 unidsp 1,Lou_2007,Genus
Piper M_SD_010single unidsp 1,M_SD_010_single_partners_added,Genus
Piper Machado-de-Souza2019 unidsp 363,Machado_de_Souza_2019,Genus
Piper Mello2014 unidsp 1,Mello_2014_Mata_de_Grota,Genus
Piper Munster2008 unidsp 1,Munster_2008,Genus
Piper Munster2008 unidsp 2,Munster_2008,Genus
Piper Munster2008 unidsp 3,Munster_2008,Genus
Piper Munster2008 unidsp 4,Munster_2008,Genus
Piper Munster2008 unidsp 5,Munster_2008,Genus
Piper Munster2008 unidsp 6,Munster_2008,Genus
Piper Novoa2011 unidsp 902,Novoa_2011,Genus
Piper Palmeirim1989 unidsp 1,Palmeirim_1989,Genus
Piper Palmeirim1989 unidsp 2,Palmeirim_1989,Genus
Piper Passos2003 unidsp 1,Passos_2003,Genus
Piper Pedro1992 unidsp mult,Pedro_1992,Genus
Piper Preciado-Benitez2015 unidsp 1,Preciado_Benitez_2015,Genus
Piper Quitian2018 unidsp 102,Quitian_2018_1000Natural,Genus
Piper Quitian2018 unidsp 103,Quitian_2018_1000Fragmented,Genus
Piper SARMwhole unidsp 1,SARM_whole_network_from_paper,Genus
Piper SARMwhole unidsp 2,SARM_whole_network_from_paper,Genus
Piper SARMwhole unidsp 3,SARM_whole_network_from_paper,Genus
Piper SARMwhole unidsp 4,SARM_whole_network_from_paper,Genus
Piper SARMwhole unidsp 5,SARM_whole_network_from_paper,Genus
Piper Sanchez2012 unidsp 970,Sanchez_2012_Iguazu,Genus
Piper SouzaLaurindo unidsp 1,Souza_Laurindo_2017,Genus
Piper SouzaLaurindo unidsp 2,Souza_Laurindo_2017,Genus
Piper SouzaLaurindo unidsp 3,Souza_Laurindo_2017,Genus
Piper Tavares2007 unidsp 1,Tavares_2007,Genus
Piper Tavares2007 unidsp 2,Tavares_2007,Genus
Piper Zamora-Delgado2008 unidsp 1,Zamora_Delgado_2008,Genus
Piper Zamora-Delgado2008 unidsp 10,Zamora_Delgado_2008,Genus
Piper Zamora-Delgado2008 unidsp 17,Zamora_Delgado_2008,Genus
Piper Zamora-Delgado2008 unidsp 2,Zamora_Delgado_2008,Genus
Piper Zamora-Delgado2008 unidsp 3,Zamora_Delgado_2008,Genus
Piper Zamora-Delgado2008 unidsp 4,Zamora_Delgado_2008,Genus
Piper Zamora-Delgado2008 unidsp 5,Zamora_Delgado_2008,Genus
Piper Zamora-Delgado2008 unidsp 6,Zamora_Delgado_2008,Genus
Piper Zamora-Delgado2008 unidsp 7,Zamora_Delgado_2008,Genus
Piper Zamora-Delgado2008 unidsp 8,Zamora_Delgado_2008,Genus
Piper Zamora-Delgado2008 unidsp 9,Zamora_Delgado_2008,Genus
Piper Zapata-Mesa2017 unidsp 999,Zapata_Mesa_2017_MR_September,Genus
Piper sp1 M_SD_002,M_SD_002,Genus
Piper sp1 M_SD_012,M_SD_012,Genus
Piperaceae Castro-Luna2012 unidsp 1,Castro_Luna_2012,Family
Piperaceae Gorchov1995 unidsp 1,Gorchov_1995,Family
Piperaceae Gorchov1995 unidsp 2,Gorchov_1995,Family
Piperaceae Munster2008 unidsp 1,Munster_2008,Family
Pitcairnia Arias-Arone2016 unidsp 1,Arias_Arone_2016,Genus
Poaceae Castley2001 unidsp mult,Castley_2001,Family
Poaceae Costa2013 unidsp 1,Costa_2013_endozoochory,Family
Poaceae Costa2013 unidsp 2,Costa_2013_endozoochory,Family
Poaceae Cruz2013 unidsp 1,Cruz_2013_Summer,Family
Poaceae Nogales2017 unidsp mult,Nogales_2017,Family
Poaceae SARMwhole unidsp 755,SARM_whole_network_from_paper,Family
Podocarpus M_SD_010single unidsp 875,M_SD_010_single_partners_added,Genus
Polyalthia Suzuki2007 unidsp 1,Suzuki_2007,Genus
Proteaceae Arias-Arone2016 unidsp 1,Arias_Arone_2016,Family
Prumnopitys SAAV1NA unidsp 637,SAAV1,Genus
Prunus Jaroszewicz2013 unidsp 722,Jaroszewicz_2013,Genus
Prunus Labbe2011 unidsp 249,Labbe_2011,Genus
Prunus Pratt1985 unidsp 444,Pratt_1985,Genus
Psidium Garciaet unidsp 1,Garcia_et_al_2000,Genus
Psidium Garciaet unidsp 2,Garcia_et_al_2000,Genus
Psidium Genrich2017 unidsp 182,Genrich_2017,Genus
Psidium Lessa2013 unidsp 713,Lessa_2013,Genus
Psidium Lima2016 unidsp 567,Lima_2016,Genus
Psychotria Blake1992 unidsp 099,Blake_1992,Genus
Psychotria Castro2015 unidsp 239,Castro_2015,Genus
Psychotria Correa2016 unidsp 1,Correa_2016_Apaporis,Genus
Psychotria Engel2000 unidsp 1,Engel_2000,Genus
Psychotria Fadini2004 unidsp 1,Fadini_2004,Genus
Psychotria Fadini2004 unidsp 2,Fadini_2004,Genus
Psychotria Gorchov1995 unidsp mult,Gorchov_1995,Genus
Psychotria M_SD_010single unidsp 1,M_SD_010_single_partners_added,Genus
Psychotria Machado-de-Souza2019 unidsp 660,Machado_de_Souza_2019,Genus
Psychotria Preciado-Benitez2015 unidsp 1,Preciado_Benitez_2015,Genus
Psychotria Santiago2014 unidsp 668,Santiago_2014_far_from_remnant,Genus
Psychotria deOliveira unidsp 4,de_Oliveira_1999,Genus
Rhamnus Labbe2011 unidsp 574,Labbe_2011,Genus
Rhipsalis M_SD_010single unidsp 1,M_SD_010_single_partners_added,Genus
Rhipsalis Machado-de-Souza2019 unidsp 465,Machado_de_Souza_2019,Genus
Rhipsalis sp1 M_SD_012,M_SD_012,Genus
Rollinia Arias-Arone2016 unidsp 1,Arias_Arone_2016,Genus
Rosa Fuentes1994 unidsp mult,Fuentes_1994,Genus
Rosa Peredo2013 unidsp 356,Peredo_2013_Puertos_de_Marabio,Genus
Rosa Peredo2013 unidsp 553,Peredo_2013_Pto_de_San_Lorenzo,Genus
Rosaceae Cruz2013 unidsp 1,Cruz_2013_Summer,Family
Rubiaceae Arias-Arone2016 unidsp 1,Arias_Arone_2016,Family
Rubiaceae Blake1992 unidsp 390,Blake_1992,Family
Rubiaceae Correa2016 unidsp 2,Correa_2016_Apaporis,Family
Rubiaceae Correa2016 unidsp 4,Correa_2016_Apaporis,Family
Rubiaceae Fadini2004 unidsp 1,Fadini_2004,Family
Rubiaceae Gorchov1995 unidsp mult,Gorchov_1995,Family
Rubiaceae Lessa2010 unidsp 1,Lessa_2010,Family
Rubiaceae Machado-de-Souza2019 unidsp 1,Machado_de_Souza_2019,Family
Rubiaceae Machado-de-Souza2019 unidsp 2,Machado_de_Souza_2019,Family
Rubiaceae Machado-de-Souza2019 unidsp 3,Machado_de_Souza_2019,Family
Rubiaceae Quitian2018 unidsp 100,Quitian_2018_1000Natural,Family
Rubus Chen1999 unidsp 1,Chen_1999,Genus
Rubus Genrich2017 unidsp 2,Genrich_2017,Genus
Rubus Koike2008 unidsp mult,Koike_2008,Genus
Rubus Labbe2011 unidsp 376,Labbe_2011,Genus
Rubus Munster2008 unidsp 1,Munster_2008,Genus
Rubus Odonnell1994 unidsp 3,Odonnell_1994,Genus
Rubus Peredo2013 unidsp 81,Peredo_2013_Puertos_de_Marabio,Genus
Rubus Peredo2013 unidsp 992,Peredo_2013_Pto_de_San_Lorenzo,Genus
Rubus Quitian2018 unidsp 200,Quitian_2018_2000Fragmented,Genus
Rubus Zamora-Delgado2008 unidsp 860,Zamora_Delgado_2008,Genus
Rubus sp1 M_SD_012,M_SD_012,Genus
Rytigynia Engel2000 unidsp 1,Engel_2000,Genus
Rytigynia Engel2000 unidsp 2,Engel_2000,Genus
Rytigynia Engel2000 unidsp 3,Engel_2000,Genus
Rytigynia Engel2000 unidsp 4,Engel_2000,Genus
Rytigynia Engel2000 unidsp 5,Engel_2000,Genus
Rytigynia Engel2000 unidsp 6,Engel_2000,Genus
Rytigynia Engel2000 unidsp 7,Engel_2000,Genus
Sabicea Blake1992 unidsp 060,Blake_1992,Genus
Sabicea Blake1992 unidsp 094,Blake_1992,Genus
Salacia Correa2016 unidsp 1,Correa_2016_Caqueta,Genus
Salix Jaroszewicz2013 unidsp 226,Jaroszewicz_2013,Genus
Salvia Garcia-Estrada2012 unidsp 260,Garcia_Estrada_2012,Genus
Sapium Arias-Arone2016 unidsp 1,Arias_Arone_2016,Genus
Sapium Quitian2018 unidsp 200,Quitian_2018_2000Fragmented,Genus
Sapium SAAV1NA unidsp 651,SAAV1,Genus
Sapium SAAV2NA unidsp 881,SAAV2,Genus
Saurauia Zamora-Delgado2008 unidsp 816,Zamora_Delgado_2008,Genus
Schefflera Dehling2017 unidsp 2,Dehling_2017_Wayqecha_1; Dehling_2017_Wayqecha_2; Dehling_2017_Wayqecha_3; Dehling_2017_Wayqecha_4,Genus
Schefflera Quitian2018 unidsp 100,Quitian_2018_1000Natural,Genus
Schefflera sp1 M_SD_002,M_SD_002,Genus
Siparuna Dehling2017 unidsp 394,Dehling_2017_San_Pedro_2,Genus
Siparuna DosReis unidsp 1,Dos_Reis_1983_Cult_et_form_sec,Genus
Smilacaceae Lessa2013 unidsp 1,Lessa_2013,Family
Smilax Blake1992 unidsp 59,Blake_1992,Genus
Smilax Lessa2013 unidsp 538,Lessa_2013,Genus
Smilax Machado-de-Souza2019 unidsp 378,Machado_de_Souza_2019,Genus
Solanaceae Aguiar2007 unidsp 1,Aguiar_2007,Family
Solanaceae Aguiar2007 unidsp 2,Aguiar_2007,Family
Solanaceae Aguiar2007 unidsp 3,Aguiar_2007,Family
Solanaceae Aguiar2007 unidsp 4,Aguiar_2007,Family
Solanaceae Aguiar2007 unidsp 5,Aguiar_2007,Family
Solanaceae Arias-Arone2016 unidsp 2,Arias_Arone_2016,Family
Solanaceae Arias-Arone2016 unidsp 3,Arias_Arone_2016,Family
Solanaceae Garciaet unidsp 1,Garcia_et_al_2000,Family
Solanaceae Garciaet unidsp 2,Garcia_et_al_2000,Family
Solanaceae Garciaet unidsp 3,Garcia_et_al_2000,Family
Solanaceae Garciaet unidsp 4,Garcia_et_al_2000,Family
Solanaceae Lima2016 unidsp 1000,Lima_2016,Family
Solanaceae SARMwhole unidsp mult,SARM_whole_network_from_paper,Family
Solanum Arias-Arone2016 unidsp 1,Arias_Arone_2016,Genus
Solanum Arias-Arone2016 unidsp 2,Arias_Arone_2016,Genus
Solanum Arias-Arone2016 unidsp 3,Arias_Arone_2016,Genus
Solanum Brito2010 unidsp 684,Brito_2010,Genus
Solanum Carvalho2008 unidsp mult,Carvalho_2008,Genus
Solanum Castano2018 unidsp 1,Castano_2018,Genus
Solanum Castano2018 unidsp 2,Castano_2018,Genus
Solanum Castano2018 unidsp 3,Castano_2018,Genus
Solanum Castano2018 unidsp 4,Castano_2018,Genus
Solanum Castano2018 unidsp 5,Castano_2018,Genus
Solanum Castro-Luna2012 unidsp 1,Castro_Luna_2012,Genus
Solanum Castro-Luna2012 unidsp 2,Castro_Luna_2012,Genus
Solanum Castro-Luna2012 unidsp 3,Castro_Luna_2012,Genus
Solanum Dehling2017 unidsp 3,Dehling_2017_Wayqecha_4,Genus
Solanum DosReis unidsp 1,Dos_Reis_1983_Cult_et_form_sec,Genus
Solanum Genrich2017 unidsp 165,Genrich_2017,Genus
Solanum Gomes2013 unidsp 634,Gomes_2013,Genus
Solanum Gorchov1995 unidsp 1,Gorchov_1995,Genus
Solanum Lima2016 unidsp 1,Lima_2016,Genus
Solanum Lima2016 unidsp 2,Lima_2016,Genus
Solanum Lima2016 unidsp 3,Lima_2016,Genus
Solanum M_SD_010single unidsp 1,M_SD_010_single_partners_added,Genus
Solanum Mancina2007 unidsp 1,Mancina_2007_dry,Genus
Solanum Munster2008 unidsp 1,Munster_2008,Genus
Solanum Munster2008 unidsp 2,Munster_2008,Genus
Solanum Munster2008 unidsp 3,Munster_2008,Genus
Solanum Munster2008 unidsp 4,Munster_2008,Genus
Solanum Munster2008 unidsp 5,Munster_2008,Genus
Solanum Munster2008 unidsp 6,Munster_2008,Genus
Solanum Munster2008 unidsp 7,Munster_2008,Genus
Solanum Munster2008 unidsp 8,Munster_2008,Genus
Solanum Novoa2011 unidsp 364,Novoa_2011,Genus
Solanum Passos2003 unidsp 1,Passos_2003,Genus
Solanum Pedro1992 unidsp 3,Pedro_1992,Genus
Solanum SAAV1NA unidsp 357,SAAV1,Genus
Solanum SARMwhole unidsp 641,SARM_whole_network_from_paper,Genus
Solanum Sanchez2012 unidsp 1,Sanchez_2012_Iguazu,Genus
Solanum Sanchez2012 unidsp 738,Sanchez_2012_Iguazu,Genus
Solanum SilvaOliveira unidsp mult,Silva_Oliveira_2018,Genus
Solanum Silveira2006 unidsp 217,Silveira_2006,Genus
Solanum SouzaLaurindo unidsp 1,Souza_Laurindo_2017,Genus
Solanum SouzaLaurindo unidsp 2,Souza_Laurindo_2017,Genus
Solanum SouzaLaurindo unidsp 3,Souza_Laurindo_2017,Genus
Solanum Tavares2007 unidsp mult,Tavares_2007,Genus
Solanum Wyman2017 unidsp 55,Wyman_2017,Genus
Solanum Zamora-Delgado2008 unidsp 1,Zamora_Delgado_2008,Genus
Solanum Zamora-Delgado2008 unidsp 2,Zamora_Delgado_2008,Genus
Solanum Zamora-Delgado2008 unidsp 231,Zamora_Delgado_2008,Genus
Solanum Zamora-Delgado2008 unidsp 3,Zamora_Delgado_2008,Genus
Solanum Zamora-Delgado2008 unidsp 4,Zamora_Delgado_2008,Genus
Solanum Zamora-Delgado2008 unidsp 5,Zamora_Delgado_2008,Genus
Solanum Zamora-Delgado2008 unidsp 6,Zamora_Delgado_2008,Genus
Solanum Zamora-Delgado2008 unidsp 7,Zamora_Delgado_2008,Genus
Sorocea Gorchov1995 unidsp 994,Gorchov_1995,Genus
Souroubea Correa2016 unidsp 1,Correa_2016_Caqueta,Genus
Souroubea Correa2016 unidsp 955,Correa_2016_Apaporis,Genus
Souroubea Zamora-Delgado2008 unidsp 752,Zamora_Delgado_2008,Genus
Sterculia sp1 M_SD_002,M_SD_002,Genus
Struthanthus deOliveira unidsp 850,de_Oliveira_1999,Genus
Strychnos Engel2000 unidsp 1,Engel_2000,Genus
Syagrus Engel2000 unidsp 1,Engel_2000,Genus
Syzygium sp1 M_SD_002,M_SD_002,Genus
Tapura Correa2016 unidsp 1,Correa_2016_Caqueta,Genus
Ternstroemia Faustino2006 unidsp 367,Faustino_2006,Genus
Tetracera Correa2016 unidsp 794,Correa_2016_Caqueta,Genus
Thibaudia Dehling2017 unidsp 132,Dehling_2017_Wayqecha_2,Genus
Thibaudia Dehling2017 unidsp 581,Dehling_2017_Wayqecha_1,Genus
Tilandsia sp1 M_SD_004,M_SD_004,Genus
Topobea Blake1992 unidsp 175,Blake_1992,Genus
Tournefortia Zamora-Delgado2008 unidsp 920,Zamora_Delgado_2008,Genus
Trianaea Zamora-Delgado2008 unidsp 452,Zamora_Delgado_2008,Genus
Tridax Garcia-Estrada2012 unidsp 427,Garcia_Estrada_2012,Genus
Undetermined Blake1992 unidsp 041,Blake_1992,None
Undetermined Blake1992 unidsp 046,Blake_1992,None
Undetermined Blake1992 unidsp 0885,Blake_1992,None
Undetermined Blake1992 unidsp 090,Blake_1992,None
Undetermined Blake1992 unidsp 106,Blake_1992,None
Undetermined Blake1992 unidsp 1641,Blake_1992,None
Undetermined Blake1992 unidsp 2441,Blake_1992,None
Undetermined Lou2005 unidsp 1,Lou_2005,None
Undetermined Lou2005 unidsp 2,Lou_2005,None
Undetermined Lou2005 unidsp 3,Lou_2005,None
Undetermined Lou2005 unidsp 4,Lou_2005,None
Undetermined Lou2005 unidsp 5,Lou_2005,None
Undetermined Lou2005 unidsp 6,Lou_2005,None
Undetermined Lou2005 unidsp 7,Lou_2005,None
Undetermined Lou2005 unidsp 8,Lou_2005,None
Undetermined Machado-de-Souza2019 unidsp 1,Machado_de_Souza_2019,None
Undetermined Machado-de-Souza2019 unidsp 2,Machado_de_Souza_2019,None
Undetermined Machado-de-Souza2019 unidsp 3,Machado_de_Souza_2019,None
Undetermined Machado-de-Souza2019 unidsp 4,Machado_de_Souza_2019,None
Undetermined Machado-de-Souza2019 unidsp 5,Machado_de_Souza_2019,None
Undetermined Machado-de-Souza2019 unidsp 6,Machado_de_Souza_2019,None
Undetermined Machado-de-Souza2019 unidsp 7,Machado_de_Souza_2019,None
Undetermined Machado-de-Souza2019 unidsp 8,Machado_de_Souza_2019,None
Undetermined Palmeirim1989 unidsp 1,Palmeirim_1989,None
Undetermined Palmeirim1989 unidsp 2,Palmeirim_1989,None
Undetermined Palmeirim1989 unidsp 3,Palmeirim_1989,None
Undetermined Palmeirim1989 unidsp 4,Palmeirim_1989,None
Undetermined Palmeirim1989 unidsp 5,Palmeirim_1989,None
Undetermined Palmeirim1989 unidsp 6,Palmeirim_1989,None
Undetermined Santiago2014 unidsp mult,Santiago_2014_far_from_remnant,None
Undetermined SilvaOliveira unidsp mult,Silva_Oliveira_2018,None
Unidentified Aguiar2007 unidsp 1,Aguiar_2007,None
Unidentified Aguiar2007 unidsp 2,Aguiar_2007,None
Unidentified Aguiar2007 unidsp 3,Aguiar_2007,None
Unidentified Aguiar2007 unidsp 4,Aguiar_2007,None
Unidentified Aguiar2007 unidsp 5,Aguiar_2007,None
Unidentified Aguiar2007 unidsp 6,Aguiar_2007,None
Unidentified Arias-Arone2016 unidsp 1,Arias_Arone_2016,None
Unidentified Arias-Arone2016 unidsp 2,Arias_Arone_2016,None
Unidentified Arias-Arone2016 unidsp 3,Arias_Arone_2016,None
Unidentified Arias-Arone2016 unidsp 4,Arias_Arone_2016,None
Unidentified Arias-Arone2016 unidsp 5,Arias_Arone_2016,None
Unidentified Arias-Arone2016 unidsp 6,Arias_Arone_2016,None
Unidentified Arias-Arone2016 unidsp 7,Arias_Arone_2016,None
Unidentified Carvalho2008 unidsp mult,Carvalho_2008,None
Unidentified Castano2018 unidsp 1,Castano_2018,None
Unidentified Castano2018 unidsp 2,Castano_2018,None
Unidentified Castley2001 unidsp 1,Castley_2001,None
Unidentified Castley2001 unidsp 2,Castley_2001,None
Unidentified Castley2001 unidsp 3,Castley_2001,None
Unidentified Castley2001 unidsp 4,Castley_2001,None
Unidentified Engel2000 unidsp 1,Engel_2000,None
Unidentified Engel2000 unidsp 10,Engel_2000,None
Unidentified Engel2000 unidsp 100,Engel_2000,None
Unidentified Engel2000 unidsp 101,Engel_2000,None
Unidentified Engel2000 unidsp 102,Engel_2000,None
Unidentified Engel2000 unidsp 103,Engel_2000,None
Unidentified Engel2000 unidsp 104,Engel_2000,None
Unidentified Engel2000 unidsp 105,Engel_2000,None
Unidentified Engel2000 unidsp 106,Engel_2000,None
Unidentified Engel2000 unidsp 107,Engel_2000,None
Unidentified Engel2000 unidsp 108,Engel_2000,None
Unidentified Engel2000 unidsp 109,Engel_2000,None
Unidentified Engel2000 unidsp 11,Engel_2000,None
Unidentified Engel2000 unidsp 110,Engel_2000,None
Unidentified Engel2000 unidsp 111,Engel_2000,None
Unidentified Engel2000 unidsp 112,Engel_2000,None
Unidentified Engel2000 unidsp 113,Engel_2000,None
Unidentified Engel2000 unidsp 114,Engel_2000,None
Unidentified Engel2000 unidsp 115,Engel_2000,None
Unidentified Engel2000 unidsp 116,Engel_2000,None
Unidentified Engel2000 unidsp 117,Engel_2000,None
Unidentified Engel2000 unidsp 118,Engel_2000,None
Unidentified Engel2000 unidsp 119,Engel_2000,None
Unidentified Engel2000 unidsp 12,Engel_2000,None
Unidentified Engel2000 unidsp 120,Engel_2000,None
Unidentified Engel2000 unidsp 121,Engel_2000,None
Unidentified Engel2000 unidsp 122,Engel_2000,None
Unidentified Engel2000 unidsp 123,Engel_2000,None
Unidentified Engel2000 unidsp 124,Engel_2000,None
Unidentified Engel2000 unidsp 125,Engel_2000,None
Unidentified Engel2000 unidsp 126,Engel_2000,None
Unidentified Engel2000 unidsp 127,Engel_2000,None
Unidentified Engel2000 unidsp 128,Engel_2000,None
Unidentified Engel2000 unidsp 129,Engel_2000,None
Unidentified Engel2000 unidsp 13,Engel_2000,None
Unidentified Engel2000 unidsp 130,Engel_2000,None
Unidentified Engel2000 unidsp 131,Engel_2000,None
Unidentified Engel2000 unidsp 132,Engel_2000,None
Unidentified Engel2000 unidsp 133,Engel_2000,None
Unidentified Engel2000 unidsp 134,Engel_2000,None
Unidentified Engel2000 unidsp 135,Engel_2000,None
Unidentified Engel2000 unidsp 136,Engel_2000,None
Unidentified Engel2000 unidsp 137,Engel_2000,None
Unidentified Engel2000 unidsp 138,Engel_2000,None
Unidentified Engel2000 unidsp 139,Engel_2000,None
Unidentified Engel2000 unidsp 14,Engel_2000,None
Unidentified Engel2000 unidsp 140,Engel_2000,None
Unidentified Engel2000 unidsp 141,Engel_2000,None
Unidentified Engel2000 unidsp 142,Engel_2000,None
Unidentified Engel2000 unidsp 143,Engel_2000,None
Unidentified Engel2000 unidsp 144,Engel_2000,None
Unidentified Engel2000 unidsp 145,Engel_2000,None
Unidentified Engel2000 unidsp 146,Engel_2000,None
Unidentified Engel2000 unidsp 147,Engel_2000,None
Unidentified Engel2000 unidsp 148,Engel_2000,None
Unidentified Engel2000 unidsp 149,Engel_2000,None
Unidentified Engel2000 unidsp 15,Engel_2000,None
Unidentified Engel2000 unidsp 150,Engel_2000,None
Unidentified Engel2000 unidsp 151,Engel_2000,None
Unidentified Engel2000 unidsp 152,Engel_2000,None
Unidentified Engel2000 unidsp 153,Engel_2000,None
Unidentified Engel2000 unidsp 154,Engel_2000,None
Unidentified Engel2000 unidsp 155,Engel_2000,None
Unidentified Engel2000 unidsp 156,Engel_2000,None
Unidentified Engel2000 unidsp 157,Engel_2000,None
Unidentified Engel2000 unidsp 158,Engel_2000,None
Unidentified Engel2000 unidsp 159,Engel_2000,None
Unidentified Engel2000 unidsp 16,Engel_2000,None
Unidentified Engel2000 unidsp 160,Engel_2000,None
Unidentified Engel2000 unidsp 161,Engel_2000,None
Unidentified Engel2000 unidsp 162,Engel_2000,None
Unidentified Engel2000 unidsp 163,Engel_2000,None
Unidentified Engel2000 unidsp 164,Engel_2000,None
Unidentified Engel2000 unidsp 165,Engel_2000,None
Unidentified Engel2000 unidsp 166,Engel_2000,None
Unidentified Engel2000 unidsp 167,Engel_2000,None
Unidentified Engel2000 unidsp 168,Engel_2000,None
Unidentified Engel2000 unidsp 169,Engel_2000,None
Unidentified Engel2000 unidsp 17,Engel_2000,None
Unidentified Engel2000 unidsp 170,Engel_2000,None
Unidentified Engel2000 unidsp 171,Engel_2000,None
Unidentified Engel2000 unidsp 172,Engel_2000,None
Unidentified Engel2000 unidsp 173,Engel_2000,None
Unidentified Engel2000 unidsp 174,Engel_2000,None
Unidentified Engel2000 unidsp 175,Engel_2000,None
Unidentified Engel2000 unidsp 176,Engel_2000,None
Unidentified Engel2000 unidsp 177,Engel_2000,None
Unidentified Engel2000 unidsp 178,Engel_2000,None
Unidentified Engel2000 unidsp 179,Engel_2000,None
Unidentified Engel2000 unidsp 18,Engel_2000,None
Unidentified Engel2000 unidsp 180,Engel_2000,None
Unidentified Engel2000 unidsp 181,Engel_2000,None
Unidentified Engel2000 unidsp 182,Engel_2000,None
Unidentified Engel2000 unidsp 183,Engel_2000,None
Unidentified Engel2000 unidsp 184,Engel_2000,None
Unidentified Engel2000 unidsp 185,Engel_2000,None
Unidentified Engel2000 unidsp 186,Engel_2000,None
Unidentified Engel2000 unidsp 187,Engel_2000,None
Unidentified Engel2000 unidsp 188,Engel_2000,None
Unidentified Engel2000 unidsp 189,Engel_2000,None
Unidentified Engel2000 unidsp 19,Engel_2000,None
Unidentified Engel2000 unidsp 190,Engel_2000,None
Unidentified Engel2000 unidsp 191,Engel_2000,None
Unidentified Engel2000 unidsp 192,Engel_2000,None
Unidentified Engel2000 unidsp 193,Engel_2000,None
Unidentified Engel2000 unidsp 194,Engel_2000,None
Unidentified Engel2000 unidsp 195,Engel_2000,None
Unidentified Engel2000 unidsp 196,Engel_2000,None
Unidentified Engel2000 unidsp 197,Engel_2000,None
Unidentified Engel2000 unidsp 198,Engel_2000,None
Unidentified Engel2000 unidsp 199,Engel_2000,None
Unidentified Engel2000 unidsp 2,Engel_2000,None
Unidentified Engel2000 unidsp 20,Engel_2000,None
Unidentified Engel2000 unidsp 200,Engel_2000,None
Unidentified Engel2000 unidsp 201,Engel_2000,None
Unidentified Engel2000 unidsp 202,Engel_2000,None
Unidentified Engel2000 unidsp 203,Engel_2000,None
Unidentified Engel2000 unidsp 204,Engel_2000,None
Unidentified Engel2000 unidsp 205,Engel_2000,None
Unidentified Engel2000 unidsp 206,Engel_2000,None
Unidentified Engel2000 unidsp 207,Engel_2000,None
Unidentified Engel2000 unidsp 208,Engel_2000,None
Unidentified Engel2000 unidsp 209,Engel_2000,None
Unidentified Engel2000 unidsp 21,Engel_2000,None
Unidentified Engel2000 unidsp 210,Engel_2000,None
Unidentified Engel2000 unidsp 211,Engel_2000,None
Unidentified Engel2000 unidsp 212,Engel_2000,None
Unidentified Engel2000 unidsp 213,Engel_2000,None
Unidentified Engel2000 unidsp 214,Engel_2000,None
Unidentified Engel2000 unidsp 215,Engel_2000,None
Unidentified Engel2000 unidsp 216,Engel_2000,None
Unidentified Engel2000 unidsp 217,Engel_2000,None
Unidentified Engel2000 unidsp 218,Engel_2000,None
Unidentified Engel2000 unidsp 219,Engel_2000,None
Unidentified Engel2000 unidsp 22,Engel_2000,None
Unidentified Engel2000 unidsp 220,Engel_2000,None
Unidentified Engel2000 unidsp 221,Engel_2000,None
Unidentified Engel2000 unidsp 222,Engel_2000,None
Unidentified Engel2000 unidsp 223,Engel_2000,None
Unidentified Engel2000 unidsp 224,Engel_2000,None
Unidentified Engel2000 unidsp 225,Engel_2000,None
Unidentified Engel2000 unidsp 226,Engel_2000,None
Unidentified Engel2000 unidsp 227,Engel_2000,None
Unidentified Engel2000 unidsp 228,Engel_2000,None
Unidentified Engel2000 unidsp 229,Engel_2000,None
Unidentified Engel2000 unidsp 23,Engel_2000,None
Unidentified Engel2000 unidsp 230,Engel_2000,None
Unidentified Engel2000 unidsp 231,Engel_2000,None
Unidentified Engel2000 unidsp 232,Engel_2000,None
Unidentified Engel2000 unidsp 233,Engel_2000,None
Unidentified Engel2000 unidsp 234,Engel_2000,None
Unidentified Engel2000 unidsp 235,Engel_2000,None
Unidentified Engel2000 unidsp 236,Engel_2000,None
Unidentified Engel2000 unidsp 237,Engel_2000,None
Unidentified Engel2000 unidsp 238,Engel_2000,None
Unidentified Engel2000 unidsp 239,Engel_2000,None
Unidentified Engel2000 unidsp 24,Engel_2000,None
Unidentified Engel2000 unidsp 240,Engel_2000,None
Unidentified Engel2000 unidsp 241,Engel_2000,None
Unidentified Engel2000 unidsp 242,Engel_2000,None
Unidentified Engel2000 unidsp 243,Engel_2000,None
Unidentified Engel2000 unidsp 244,Engel_2000,None
Unidentified Engel2000 unidsp 245,Engel_2000,None
Unidentified Engel2000 unidsp 246,Engel_2000,None
Unidentified Engel2000 unidsp 247,Engel_2000,None
Unidentified Engel2000 unidsp 248,Engel_2000,None
Unidentified Engel2000 unidsp 249,Engel_2000,None
Unidentified Engel2000 unidsp 25,Engel_2000,None
Unidentified Engel2000 unidsp 250,Engel_2000,None
Unidentified Engel2000 unidsp 251,Engel_2000,None
Unidentified Engel2000 unidsp 252,Engel_2000,None
Unidentified Engel2000 unidsp 253,Engel_2000,None
Unidentified Engel2000 unidsp 254,Engel_2000,None
Unidentified Engel2000 unidsp 255,Engel_2000,None
Unidentified Engel2000 unidsp 256,Engel_2000,None
Unidentified Engel2000 unidsp 257,Engel_2000,None
Unidentified Engel2000 unidsp 258,Engel_2000,None
Unidentified Engel2000 unidsp 259,Engel_2000,None
Unidentified Engel2000 unidsp 26,Engel_2000,None
Unidentified Engel2000 unidsp 260,Engel_2000,None
Unidentified Engel2000 unidsp 261,Engel_2000,None
Unidentified Engel2000 unidsp 262,Engel_2000,None
Unidentified Engel2000 unidsp 263,Engel_2000,None
Unidentified Engel2000 unidsp 264,Engel_2000,None
Unidentified Engel2000 unidsp 265,Engel_2000,None
Unidentified Engel2000 unidsp 266,Engel_2000,None
Unidentified Engel2000 unidsp 267,Engel_2000,None
Unidentified Engel2000 unidsp 268,Engel_2000,None
Unidentified Engel2000 unidsp 269,Engel_2000,None
Unidentified Engel2000 unidsp 27,Engel_2000,None
Unidentified Engel2000 unidsp 270,Engel_2000,None
Unidentified Engel2000 unidsp 271,Engel_2000,None
Unidentified Engel2000 unidsp 272,Engel_2000,None
Unidentified Engel2000 unidsp 273,Engel_2000,None
Unidentified Engel2000 unidsp 274,Engel_2000,None
Unidentified Engel2000 unidsp 275,Engel_2000,None
Unidentified Engel2000 unidsp 276,Engel_2000,None
Unidentified Engel2000 unidsp 277,Engel_2000,None
Unidentified Engel2000 unidsp 278,Engel_2000,None
Unidentified Engel2000 unidsp 279,Engel_2000,None
Unidentified Engel2000 unidsp 28,Engel_2000,None
Unidentified Engel2000 unidsp 280,Engel_2000,None
Unidentified Engel2000 unidsp 281,Engel_2000,None
Unidentified Engel2000 unidsp 282,Engel_2000,None
Unidentified Engel2000 unidsp 283,Engel_2000,None
Unidentified Engel2000 unidsp 284,Engel_2000,None
Unidentified Engel2000 unidsp 285,Engel_2000,None
Unidentified Engel2000 unidsp 286,Engel_2000,None
Unidentified Engel2000 unidsp 287,Engel_2000,None
Unidentified Engel2000 unidsp 288,Engel_2000,None
Unidentified Engel2000 unidsp 289,Engel_2000,None
Unidentified Engel2000 unidsp 29,Engel_2000,None
Unidentified Engel2000 unidsp 290,Engel_2000,None
Unidentified Engel2000 unidsp 291,Engel_2000,None
Unidentified Engel2000 unidsp 292,Engel_2000,None
Unidentified Engel2000 unidsp 293,Engel_2000,None
Unidentified Engel2000 unidsp 294,Engel_2000,None
Unidentified Engel2000 unidsp 295,Engel_2000,None
Unidentified Engel2000 unidsp 296,Engel_2000,None
Unidentified Engel2000 unidsp 297,Engel_2000,None
Unidentified Engel2000 unidsp 298,Engel_2000,None
Unidentified Engel2000 unidsp 299,Engel_2000,None
Unidentified Engel2000 unidsp 3,Engel_2000,None
Unidentified Engel2000 unidsp 30,Engel_2000,None
Unidentified Engel2000 unidsp 300,Engel_2000,None
Unidentified Engel2000 unidsp 301,Engel_2000,None
Unidentified Engel2000 unidsp 302,Engel_2000,None
Unidentified Engel2000 unidsp 303,Engel_2000,None
Unidentified Engel2000 unidsp 304,Engel_2000,None
Unidentified Engel2000 unidsp 305,Engel_2000,None
Unidentified Engel2000 unidsp 306,Engel_2000,None
Unidentified Engel2000 unidsp 307,Engel_2000,None
Unidentified Engel2000 unidsp 308,Engel_2000,None
Unidentified Engel2000 unidsp 309,Engel_2000,None
Unidentified Engel2000 unidsp 31,Engel_2000,None
Unidentified Engel2000 unidsp 310,Engel_2000,None
Unidentified Engel2000 unidsp 311,Engel_2000,None
Unidentified Engel2000 unidsp 312,Engel_2000,None
Unidentified Engel2000 unidsp 313,Engel_2000,None
Unidentified Engel2000 unidsp 314,Engel_2000,None
Unidentified Engel2000 unidsp 315,Engel_2000,None
Unidentified Engel2000 unidsp 316,Engel_2000,None
Unidentified Engel2000 unidsp 317,Engel_2000,None
Unidentified Engel2000 unidsp 318,Engel_2000,None
Unidentified Engel2000 unidsp 319,Engel_2000,None
Unidentified Engel2000 unidsp 32,Engel_2000,None
Unidentified Engel2000 unidsp 320,Engel_2000,None
Unidentified Engel2000 unidsp 321,Engel_2000,None
Unidentified Engel2000 unidsp 322,Engel_2000,None
Unidentified Engel2000 unidsp 323,Engel_2000,None
Unidentified Engel2000 unidsp 324,Engel_2000,None
Unidentified Engel2000 unidsp 325,Engel_2000,None
Unidentified Engel2000 unidsp 326,Engel_2000,None
Unidentified Engel2000 unidsp 327,Engel_2000,None
Unidentified Engel2000 unidsp 328,Engel_2000,None
Unidentified Engel2000 unidsp 329,Engel_2000,None
Unidentified Engel2000 unidsp 33,Engel_2000,None
Unidentified Engel2000 unidsp 330,Engel_2000,None
Unidentified Engel2000 unidsp 331,Engel_2000,None
Unidentified Engel2000 unidsp 332,Engel_2000,None
Unidentified Engel2000 unidsp 333,Engel_2000,None
Unidentified Engel2000 unidsp 334,Engel_2000,None
Unidentified Engel2000 unidsp 335,Engel_2000,None
Unidentified Engel2000 unidsp 336,Engel_2000,None
Unidentified Engel2000 unidsp 337,Engel_2000,None
Unidentified Engel2000 unidsp 338,Engel_2000,None
Unidentified Engel2000 unidsp 339,Engel_2000,None
Unidentified Engel2000 unidsp 34,Engel_2000,None
Unidentified Engel2000 unidsp 340,Engel_2000,None
Unidentified Engel2000 unidsp 341,Engel_2000,None
Unidentified Engel2000 unidsp 342,Engel_2000,None
Unidentified Engel2000 unidsp 343,Engel_2000,None
Unidentified Engel2000 unidsp 344,Engel_2000,None
Unidentified Engel2000 unidsp 345,Engel_2000,None
Unidentified Engel2000 unidsp 346,Engel_2000,None
Unidentified Engel2000 unidsp 347,Engel_2000,None
Unidentified Engel2000 unidsp 35,Engel_2000,None
Unidentified Engel2000 unidsp 36,Engel_2000,None
Unidentified Engel2000 unidsp 37,Engel_2000,None
Unidentified Engel2000 unidsp 38,Engel_2000,None
Unidentified Engel2000 unidsp 39,Engel_2000,None
Unidentified Engel2000 unidsp 4,Engel_2000,None
Unidentified Engel2000 unidsp 40,Engel_2000,None
Unidentified Engel2000 unidsp 41,Engel_2000,None
Unidentified Engel2000 unidsp 42,Engel_2000,None
Unidentified Engel2000 unidsp 43,Engel_2000,None
Unidentified Engel2000 unidsp 44,Engel_2000,None
Unidentified Engel2000 unidsp 45,Engel_2000,None
Unidentified Engel2000 unidsp 46,Engel_2000,None
Unidentified Engel2000 unidsp 47,Engel_2000,None
Unidentified Engel2000 unidsp 48,Engel_2000,None
Unidentified Engel2000 unidsp 49,Engel_2000,None
Unidentified Engel2000 unidsp 5,Engel_2000,None
Unidentified Engel2000 unidsp 50,Engel_2000,None
Unidentified Engel2000 unidsp 51,Engel_2000,None
Unidentified Engel2000 unidsp 52,Engel_2000,None
Unidentified Engel2000 unidsp 53,Engel_2000,None
Unidentified Engel2000 unidsp 54,Engel_2000,None
Unidentified Engel2000 unidsp 55,Engel_2000,None
Unidentified Engel2000 unidsp 56,Engel_2000,None
Unidentified Engel2000 unidsp 57,Engel_2000,None
Unidentified Engel2000 unidsp 58,Engel_2000,None
Unidentified Engel2000 unidsp 59,Engel_2000,None
Unidentified Engel2000 unidsp 6,Engel_2000,None
Unidentified Engel2000 unidsp 60,Engel_2000,None
Unidentified Engel2000 unidsp 61,Engel_2000,None
Unidentified Engel2000 unidsp 62,Engel_2000,None
Unidentified Engel2000 unidsp 63,Engel_2000,None
Unidentified Engel2000 unidsp 64,Engel_2000,None
Unidentified Engel2000 unidsp 65,Engel_2000,None
Unidentified Engel2000 unidsp 66,Engel_2000,None
Unidentified Engel2000 unidsp 67,Engel_2000,None
Unidentified Engel2000 unidsp 68,Engel_2000,None
Unidentified Engel2000 unidsp 69,Engel_2000,None
Unidentified Engel2000 unidsp 7,Engel_2000,None
Unidentified Engel2000 unidsp 70,Engel_2000,None
Unidentified Engel2000 unidsp 71,Engel_2000,None
Unidentified Engel2000 unidsp 72,Engel_2000,None
Unidentified Engel2000 unidsp 74,Engel_2000,None
Unidentified Engel2000 unidsp 75,Engel_2000,None
Unidentified Engel2000 unidsp 76,Engel_2000,None
Unidentified Engel2000 unidsp 77,Engel_2000,None
Unidentified Engel2000 unidsp 78,Engel_2000,None
Unidentified Engel2000 unidsp 79,Engel_2000,None
Unidentified Engel2000 unidsp 8,Engel_2000,None
Unidentified Engel2000 unidsp 80,Engel_2000,None
Unidentified Engel2000 unidsp 81,Engel_2000,None
Unidentified Engel2000 unidsp 82,Engel_2000,None
Unidentified Engel2000 unidsp 83,Engel_2000,None
Unidentified Engel2000 unidsp 84,Engel_2000,None
Unidentified Engel2000 unidsp 85,Engel_2000,None
Unidentified Engel2000 unidsp 86,Engel_2000,None
Unidentified Engel2000 unidsp 87,Engel_2000,None
Unidentified Engel2000 unidsp 88,Engel_2000,None
Unidentified Engel2000 unidsp 89,Engel_2000,None
Unidentified Engel2000 unidsp 9,Engel_2000,None
Unidentified Engel2000 unidsp 90,Engel_2000,None
Unidentified Engel2000 unidsp 91,Engel_2000,None
Unidentified Engel2000 unidsp 92,Engel_2000,None
Unidentified Engel2000 unidsp 93,Engel_2000,None
Unidentified Engel2000 unidsp 94,Engel_2000,None
Unidentified Engel2000 unidsp 95,Engel_2000,None
Unidentified Engel2000 unidsp 96,Engel_2000,None
Unidentified Engel2000 unidsp 97,Engel_2000,None
Unidentified Engel2000 unidsp 98,Engel_2000,None
Unidentified Engel2000 unidsp 99,Engel_2000,None
Unidentified Faria1996 unidsp 1,Faria_1996,None
Unidentified Faria1996 unidsp 2,Faria_1996,None
Unidentified Genrich2017 unidsp 2,Genrich_2017,None
Unidentified Genrich2017 unidsp 3,Genrich_2017,None
Unidentified Genrich2017 unidsp 5,Genrich_2017,None
Unidentified Genrich2017 unidsp 6,Genrich_2017,None
Unidentified Genrich2017 unidsp 7,Genrich_2017,None
Unidentified Genrich2017 unidsp 8,Genrich_2017,None
Unidentified Genrich2017 unidsp 9,Genrich_2017,None
Unidentified Gorchov1995 unidsp 1,Gorchov_1995,None
Unidentified Gorchov1995 unidsp 2,Gorchov_1995,None
Unidentified Gorchov1995 unidsp 3,Gorchov_1995,None
Unidentified Hayashi1996 unidsp 1,Hayashi_1996,None
Unidentified Hernandez-Montero2015 unidsp 1,Hernandez_Montero_2015_B4_Dry,None
Unidentified Lessa2010 unidsp mult,Lessa_2010,None
Unidentified Lou2007 unidsp 1,Lou_2007,None
Unidentified Lou2007 unidsp 2,Lou_2007,None
Unidentified Lou2007 unidsp 3,Lou_2007,None
Unidentified Lou2007 unidsp 4,Lou_2007,None
Unidentified Lou2007 unidsp 6,Lou_2007,None
Unidentified Lou2007 unidsp 7,Lou_2007,None
Unidentified Lou2007 unidsp 8,Lou_2007,None
Unidentified M_SD_010single unidsp 1,M_SD_010_single_partners_added,None
Unidentified M_SD_010single unidsp 2,M_SD_010_single_partners_added,None
Unidentified Mancina2007 unidsp mult,Mancina_2007_dry,None
Unidentified Munin2012 unidsp 1,Munin_2012,None
Unidentified Munin2012 unidsp 2,Munin_2012,None
Unidentified Munin2012 unidsp 3,Munin_2012,None
Unidentified Munster2008 unidsp 915,Munster_2008,None
Unidentified Novoa2011 unidsp 1,Novoa_2011,None
Unidentified Novoa2011 unidsp 2,Novoa_2011,None
Unidentified Novoa2011 unidsp 3,Novoa_2011,None
Unidentified Novoa2011 unidsp 4,Novoa_2011,None
Unidentified Passos2003 unidsp mult,Passos_2003,None
Unidentified Pedro1992 unidsp 1,Pedro_1992,None
Unidentified Preciado-Benitez2015 unidsp 1,Preciado_Benitez_2015,None
Unidentified Quitian2018 unidsp 100,Quitian_2018_1000Natural,None
Unidentified Quitian2018 unidsp 101,Quitian_2018_1000Natural,None
Unidentified Quitian2018 unidsp 102,Quitian_2018_1000Natural,None
Unidentified Quitian2018 unidsp 103,Quitian_2018_1000Natural,None
Unidentified Quitian2018 unidsp 105,Quitian_2018_1000Natural,None
Unidentified Quitian2018 unidsp 106,Quitian_2018_1000Fragmented,None
Unidentified Quitian2018 unidsp 200,Quitian_2018_2000Fragmented,None
Unidentified Quitian2018 unidsp 201,Quitian_2018_2000Natural,None
Unidentified Ramos-Robles2016 unidsp 28,Ramos_Robles_2016_net4,None
Unidentified Ramos-Robles2016 unidsp 30,Ramos_Robles_2016_net2,None
Unidentified Ramos-Robles2016 unidsp 31,Ramos_Robles_2016_net3,None
Unidentified Ramos-Robles2016 unidsp 32,Ramos_Robles_2016_net3,None
Unidentified Ramos-Robles2016 unidsp 33,Ramos_Robles_2016_net4,None
Unidentified Ramos-Robles2016 unidsp 35,Ramos_Robles_2016_net6,None
Unidentified Ramos-Robles2016 unidsp 36,Ramos_Robles_2016_net8,None
Unidentified Ramos-Robles2016 unidsp 37,Ramos_Robles_2016_net8,None
Unidentified Ramos-Robles2016 unidsp 38,Ramos_Robles_2016_net8,None
Unidentified Ramos-Robles2016 unidsp 40,Ramos_Robles_2016_net10,None
Unidentified SARMwhole unidsp 10,SARM_whole_network_from_paper,None
Unidentified SARMwhole unidsp 11,SARM_whole_network_from_paper,None
Unidentified SARMwhole unidsp 15,SARM_whole_network_from_paper,None
Unidentified SARMwhole unidsp 17,SARM_whole_network_from_paper,None
Unidentified SARMwhole unidsp 18,SARM_whole_network_from_paper,None
Unidentified SARMwhole unidsp 2,SARM_whole_network_from_paper,None
Unidentified SARMwhole unidsp 21,SARM_whole_network_from_paper,None
Unidentified SARMwhole unidsp 24,SARM_whole_network_from_paper,None
Unidentified SARMwhole unidsp 25,SARM_whole_network_from_paper,None
Unidentified SARMwhole unidsp 3,SARM_whole_network_from_paper,None
Unidentified SARMwhole unidsp 42,SARM_whole_network_from_paper,None
Unidentified SARMwhole unidsp 44,SARM_whole_network_from_paper,None
Unidentified SARMwhole unidsp 46,SARM_whole_network_from_paper,None
Unidentified SARMwhole unidsp 47,SARM_whole_network_from_paper,None
Unidentified SARMwhole unidsp 5,SARM_whole_network_from_paper,None
Unidentified SARMwhole unidsp 52,SARM_whole_network_from_paper,None
Unidentified SARMwhole unidsp 53,SARM_whole_network_from_paper,None
Unidentified SARMwhole unidsp 55,SARM_whole_network_from_paper,None
Unidentified SARMwhole unidsp 58,SARM_whole_network_from_paper,None
Unidentified SARMwhole unidsp 59,SARM_whole_network_from_paper,None
Unidentified SARMwhole unidsp 6,SARM_whole_network_from_paper,None
Unidentified SARMwhole unidsp 64,SARM_whole_network_from_paper,None
Unidentified SARMwhole unidsp 66,SARM_whole_network_from_paper,None
Unidentified SARMwhole unidsp 67,SARM_whole_network_from_paper,None
Unidentified Silveira2006 unidsp mult,Silveira_2006,None
Unidentified Suzuki2007 unidsp 233,Suzuki_2007,None
Unidentified sp1 M_SD_004,M_SD_004,None
Unidentified sp1 M_SD_005,M_SD_005,None
Unidentified sp1 M_SD_031,M_SD_031,None
Unidentified sp1 M_SD_034,M_SD_034,None
Unidentified sp2 M_SD_003,M_SD_003,None
Unidentified sp2 M_SD_005,M_SD_005,None
Unidentified sp2 M_SD_031,M_SD_031,None
Unidentified sp2 M_SD_034,M_SD_034,None
Unidentified sp3 M_SD_003,M_SD_003,None
Unidentified sp3 M_SD_031,M_SD_031,None
Unidentified sp4 M_SD_031,M_SD_031,None
Unidentified sp5 M_SD_031,M_SD_031,None
Unidentified sp6 M_SD_031,M_SD_031,None
Unidentified sp7 M_SD_031,M_SD_031,None
Unknown Correa2016 unidsp 10,Correa_2016_Apaporis,None
Unknown Correa2016 unidsp 14,Correa_2016_Caqueta,None
Unknown Correa2016 unidsp 2,Correa_2016_Apaporis,None
Unknown Correa2016 unidsp 5,Correa_2016_Caqueta,None
Unknown Correa2016 unidsp 6,Correa_2016_Apaporis,None
Unknown Garcia-Estrada2012 unidsp 1,Garcia_Estrada_2012,None
Unknown Garcia-Estrada2012 unidsp 2,Garcia_Estrada_2012,None
Unknown Garcia-Estrada2012 unidsp 4,Garcia_Estrada_2012,None
Unknown Garcia-Estrada2012 unidsp 6,Garcia_Estrada_2012,None
Unknown Garcia-Estrada2012 unidsp 7,Garcia_Estrada_2012,None
Unknown Sanchez2012 unidsp 1,Sanchez_2012_Iguazu,None
Unknown Wyman2017 unidsp 1,Wyman_2017,None
Unknown Wyman2017 unidsp 2,Wyman_2017,None
Unknown Wyman2017 unidsp 3,Wyman_2017,None
Unknown Wyman2017 unidsp 4,Wyman_2017,None
Unknown Zamora-Delgado2008 unidsp 1,Zamora_Delgado_2008,None
Unknown Zamora-Delgado2008 unidsp 2,Zamora_Delgado_2008,None
Unknown Zamora-Delgado2008 unidsp 4,Zamora_Delgado_2008,None
Unknown Zamora-Delgado2008 unidsp 6,Zamora_Delgado_2008,None
Unknown Zamora-Delgado2008 unidsp 7,Zamora_Delgado_2008,None
Unonopsis Correa2016 unidsp 636,Correa_2016_Apaporis,Genus
Urera Arias-Arone2016 unidsp 1,Arias_Arone_2016,Genus
Urera Quitian2018 unidsp 100,Quitian_2018_1000Natural,Genus
Uvaria Engel2000 unidsp 1,Engel_2000,Genus
Uvaria sp1 M_SD_002,M_SD_002,Genus
Vaccinium Labbe2011 unidsp 887,Labbe_2011,Genus
Verbenaceae Blake1992 unidsp 009,Blake_1992,Family
Vernonia Garcia-Estrada2012 unidsp 194,Garcia_Estrada_2012,Genus
Viburnum Zamora-Delgado2008 unidsp 3,Zamora_Delgado_2008,Genus
Virola Correa2016 unidsp 34,Correa_2016_Apaporis,Genus
Vismia Aguiar2007 unidsp mult,Aguiar_2007,Genus
Vismia Arias-Arone2016 unidsp 1,Arias_Arone_2016,Genus
Vismia DosReis unidsp 1,Dos_Reis_1983_Cult_et_form_sec,Genus
Vismia Gorchov1995 unidsp 1,Gorchov_1995,Genus
Vismia Gorchov1995 unidsp 2,Gorchov_1995,Genus
Vismia M_SD_010single unidsp 28,M_SD_010_single_partners_added,Genus
Vismia Palmeirim1989 unidsp 934,Palmeirim_1989,Genus
Vismia Passos2003 unidsp 1,Passos_2003,Genus
Vismia SARMwhole unidsp 501,SARM_whole_network_from_paper,Genus
Vismia SouzaLaurindo unidsp 1,Souza_Laurindo_2017,Genus
Vitex Castro2015 unidsp 370,Castro_2015,Genus
Vitis Fadini2004 unidsp 889,Fadini_2004,Genus
Vitis sp1 M_SD_001,M_SD_001,Genus
Xanthosoma Castano2018 unidsp 1,Castano_2018,Genus
Zingiberaceae sp1 M_SD_002,M_SD_002,Family
