species,networks,Taxonomy,Notes
Acalyptrate sp1 M_PL_062,M_PL_060_03,Subsection,
Acalyptus sp1 M_PL_044,M_PL_044,Genus,
Acarina sp1 M_PL_045,M_PL_045,Order,
Actea sp1 M_PL_013,M_PL_013,,Can't find
Agathidinae sp1 M_PL_075,M_PL_060_16,Subfamily,
Agathis sp1 M_PL_055,M_PL_055,Genus,
Allograpta sp1 M_PL_061,M_PL_060_02,Genus,
Allograpta sp1 M_PL_069,M_PL_060_10,Genus,
Alophera sp1 M_PL_019,M_PL_019,,Can't find
Amblypsilopus sp1 M_PL_092,M_PL_061_09,Genus,
Ancistrocerus sp1 M_PL_004,M_PL_004,Genus,
Andrallus sp1 M_PL_044,M_PL_044,Genus,
Andrena sp1 M_PL_058,M_PL_058,Genus,
Anomalempis sp1 M_PL_044,M_PL_044,Genus,
Anomia sp1 M_PL_044,M_PL_044,,Can't find
Anomia sp2 M_PL_044,M_PL_044,,Can't find
Anosymia sp1 M_PL_006,M_PL_006,,Can't find
Anthaxia sp1 M_PL_051,M_PL_051,Genus,
Anthidium sp1 M_PL_058,M_PL_058,Genus,
Anthomyidae sp1 M_PL_006,M_PL_006,Family,Spelling mistake
Anthonomus sp1 M_PL_004,M_PL_004,Genus,
Anthonomus sp1 M_PL_044,M_PL_044,Genus,
Anthophora sp1 M_PL_058,M_PL_058,Genus,
Araneidae sp129 M_PL_057,M_PL_057,Family,
Araneidae sp130 M_PL_057,M_PL_057,Family,
Araneidae sp131 M_PL_057,M_PL_057,Family,
Araneidae sp132 M_PL_057,M_PL_057,Family,
Araneidae sp133 M_PL_057,M_PL_057,Family,
Araneidae sp134 M_PL_057,M_PL_057,Family,
Araneidae sp135 M_PL_057,M_PL_057,Family,
Araneidae sp136 M_PL_057,M_PL_057,Family,
Araneidae sp137 M_PL_057,M_PL_057,Family,
Araneidae sp138 M_PL_057,M_PL_057,Family,
Araneidae sp139 M_PL_057,M_PL_057,Family,
Araneidae sp140 M_PL_057,M_PL_057,Family,
Araneidae sp141 M_PL_057,M_PL_057,Family,
Araneidae sp142 M_PL_057,M_PL_057,Family,
Araneidae sp143 M_PL_057,M_PL_057,Family,
Araneidae sp144 M_PL_057,M_PL_057,Family,
Araneidae sp18 M_PL_054,M_PL_054,Family,
Araneidae sp19 M_PL_054,M_PL_054,Family,
Araneidae sp20 M_PL_054,M_PL_054,Family,
Araneidae sp36 M_PL_054,M_PL_054,Family,
Araneidae sp37 M_PL_054,M_PL_054,Family,
Araneidae sp38 M_PL_054,M_PL_054,Family,
Araneidae sp39 M_PL_054,M_PL_054,Family,
Araneidae sp40 M_PL_054,M_PL_054,Family,
Araneidae sp41 M_PL_054,M_PL_054,Family,
Araneidae sp42 M_PL_054,M_PL_054,Family,
Araneidae sp43 M_PL_054,M_PL_054,Family,
Araneidae sp44 M_PL_054,M_PL_054,Family,
Araneidae sp45 M_PL_054,M_PL_054,Family,
Araneidae sp46 M_PL_054,M_PL_054,Family,
Araneidae sp47 M_PL_054,M_PL_054,Family,
Araneidae sp48 M_PL_054,M_PL_054,Family,
Araneidae sp49 M_PL_054,M_PL_054,Family,
Araneidae sp50 M_PL_054,M_PL_054,Family,
Araneidae sp51 M_PL_054,M_PL_054,Family,
Araneidae sp70 M_PL_057,M_PL_057,Family,
Araneidae sp9 M_PL_054,M_PL_054,Family,
Arge sp1 M_PL_013,M_PL_013,Genus,
Arge sp1 M_PL_057,M_PL_057,Genus,
Athemus sp1 M_PL_044,M_PL_044,Genus,
Atherigona sp1 M_PL_061,M_PL_060_02,Genus,
Aulacophora sp1 M_PL_044,M_PL_044,Genus,
Autographa sp1 M_PL_006,M_PL_006,Genus,
Bagous sp1 M_PL_055,M_PL_055,Genus,
Bagous sp2 M_PL_055,M_PL_055,Genus,
Batozenellus sp1 M_PL_057,M_PL_057,Genus,Spelling mistake
Betacixius sp1 M_PL_044,M_PL_044,Genus,
Bombus sp1 M_PL_057,M_PL_057,Genus,
Brachymyrmex sp1 M_PL_060,M_PL_060_01,Genus,
Brachymyrmex sp1 M_PL_061,M_PL_060_02,Genus,
Brachymyrmex sp1 M_PL_062,M_PL_060_03,Genus,
Brachymyrmex sp1 M_PL_063,M_PL_060_04,Genus,
Brachymyrmex sp1 M_PL_064,M_PL_060_05,Genus,
Brachymyrmex sp1 M_PL_066,M_PL_060_07,Genus,
Brachymyrmex sp1 M_PL_067,M_PL_060_08,Genus,
Brachymyrmex sp1 M_PL_068,M_PL_060_09,Genus,
Brachymyrmex sp1 M_PL_069,M_PL_060_10,Genus,
Brachymyrmex sp1 M_PL_070,M_PL_060_11,Genus,
Brachymyrmex sp1 M_PL_073,M_PL_060_14,Genus,
Brachymyrmex sp1 M_PL_074,M_PL_060_15,Genus,
Brachymyrmex sp1 M_PL_075,M_PL_060_16,Genus,
Brachymyrmex sp1 M_PL_076,M_PL_060_17,Genus,
Brachymyrmex sp1 M_PL_077,M_PL_060_18,Genus,
Brachymyrmex sp1 M_PL_079,M_PL_060_20,Genus,
Brachymyrmex sp1 M_PL_080,M_PL_060_21,Genus,
Brachymyrmex sp1 M_PL_081,M_PL_060_22,Genus,
Brachymyrmex sp1 M_PL_082,M_PL_060_23,Genus,
Brachymyrmex sp1 M_PL_083,M_PL_060_24,Genus,
Brachymyrmex sp2 M_PL_065,M_PL_060_06,Genus,
Brontaea sp1 M_PL_055,M_PL_055,Genus,
Byturus sp1 M_PL_056,M_PL_056,Genus,
Caeciliidae sp20 M_PL_044,M_PL_044,Family,
Caenohalictus sp1 M_PL_051,M_PL_051,Genus,
Caenohalictus sp2 M_PL_051,M_PL_051,Genus,
Calcidoidae sp1 M_PL_064,M_PL_060_05,Superfamily,Spelling mistake
Calliphora sp1 M_PL_019,M_PL_019,Genus,
Calliphora sp1 M_PL_056,M_PL_056,Genus,
Calliphora sp2 M_PL_019,M_PL_019,Genus,
Calliphora sp2 M_PL_056,M_PL_056,Genus,
Calliphora sp3 M_PL_019,M_PL_019,Genus,
Calomicrus sp1 M_PL_055,M_PL_055,Genus,
Caloptilia sp1 M_PL_044,M_PL_044,Genus,
Camponotus sp1 M_PL_051,M_PL_051,Genus,
Campopleginae sp1 M_PL_076,M_PL_060_17,Subfamily,
Cantharis sp1 M_PL_004,M_PL_004,Genus,
Centris sp1 M_PL_059,M_PL_059,Genus,
Centris sp2 M_PL_059,M_PL_059,Genus,
Cephalochrysa sp1 M_PL_044,M_PL_044,Genus,
Cerambycidae sp1 M_PL_065,M_PL_060_06,Family,
Cerambycidae sp1 M_PL_066,M_PL_060_07,Family,
Cerambycidae sp1 M_PL_068,M_PL_060_09,Family,
Cerambycidae sp1 M_PL_075,M_PL_060_16,Family,
Cerambycidae sp1 M_PL_077,M_PL_060_18,Family,
Cerambycidae sp1 M_PL_078,M_PL_060_19,Family,
Cerambycidae sp2 M_PL_075,M_PL_060_16,Family,
Ceratina sp1 M_PL_057,M_PL_057,Genus,
Ceratina sp1 M_PL_073,M_PL_073,Genus,
Cerceris sp1 M_PL_058,M_PL_058,Genus,
Chaetocnema sp1 M_PL_060,M_PL_060_01,Genus,
Chaetocnema sp1 M_PL_061,M_PL_060_02,Genus,
Chaetocnema sp1 M_PL_062,M_PL_060_03,Genus,
Chaetocnema sp1 M_PL_063,M_PL_060_04,Genus,
Chaetocnema sp1 M_PL_064,M_PL_060_05,Genus,
Chaetocnema sp1 M_PL_066,M_PL_060_07,Genus,
Chaetocnema sp1 M_PL_068,M_PL_060_09,Genus,
Chaetocnema sp1 M_PL_070,M_PL_060_11,Genus,
Chaetocnema sp1 M_PL_072,M_PL_060_13,Genus,
Chaetocnema sp1 M_PL_073,M_PL_060_14,Genus,
Chaetocnema sp1 M_PL_074,M_PL_060_15,Genus,
Chaetocnema sp1 M_PL_075,M_PL_060_16,Genus,
Chaetocnema sp1 M_PL_076,M_PL_060_17,Genus,
Chaetocnema sp1 M_PL_077,M_PL_060_18,Genus,
Chaetocnema sp1 M_PL_078,M_PL_060_19,Genus,
Chaetocnema sp1 M_PL_079,M_PL_060_20,Genus,
Chaetocnema sp1 M_PL_080,M_PL_060_21,Genus,
Chaetocnema sp1 M_PL_081,M_PL_060_22,Genus,
Chaetocnema sp1 M_PL_082,M_PL_060_23,Genus,
Chaetocnema sp1 M_PL_083,M_PL_060_24,Genus,
Chaetocnema sp2 M_PL_065,M_PL_060_06,Genus,
Chalicodoma sp1 M_PL_054,M_PL_054,Subgenus,
Cheilosia sp1 M_PL_044,M_PL_044,Genus,
Cheilosia sp1 M_PL_054,M_PL_054,Genus,
Cheilosia sp1 M_PL_055,M_PL_055,Genus,
Cheilosia sp1 M_PL_056,M_PL_056,Genus,
Cheilosia sp1 M_PL_057,M_PL_057,Genus,
Cheilosia sp10 M_PL_056,M_PL_056,Genus,
Cheilosia sp10 M_PL_057,M_PL_057,Genus,
Cheilosia sp11 M_PL_056,M_PL_056,Genus,
Cheilosia sp11 M_PL_057,M_PL_057,Genus,
Cheilosia sp12 M_PL_056,M_PL_056,Genus,
Cheilosia sp12 M_PL_057,M_PL_057,Genus,
Cheilosia sp13 M_PL_056,M_PL_056,Genus,
Cheilosia sp14 M_PL_056,M_PL_056,Genus,
Cheilosia sp15 M_PL_056,M_PL_056,Genus,
Cheilosia sp16 M_PL_056,M_PL_056,Genus,
Cheilosia sp17 M_PL_056,M_PL_056,Genus,
Cheilosia sp18 M_PL_056,M_PL_056,Genus,
Cheilosia sp2 M_PL_044,M_PL_044,Genus,
Cheilosia sp2 M_PL_056,M_PL_056,Genus,
Cheilosia sp2 M_PL_057,M_PL_057,Genus,
Cheilosia sp3 M_PL_056,M_PL_056,Genus,
Cheilosia sp3 M_PL_057,M_PL_057,Genus,
Cheilosia sp4 M_PL_056,M_PL_056,Genus,
Cheilosia sp4 M_PL_057,M_PL_057,Genus,
Cheilosia sp5 M_PL_056,M_PL_056,Genus,
Cheilosia sp5 M_PL_057,M_PL_057,Genus,
Cheilosia sp6 M_PL_056,M_PL_056,Genus,
Cheilosia sp6 M_PL_057,M_PL_057,Genus,
Cheilosia sp7 M_PL_056,M_PL_056,Genus,
Cheilosia sp7 M_PL_057,M_PL_057,Genus,
Cheilosia sp8 M_PL_056,M_PL_056,Genus,
Cheilosia sp8 M_PL_057,M_PL_057,Genus,
Cheilosia sp9 M_PL_056,M_PL_056,Genus,
Cheilosia sp9 M_PL_057,M_PL_057,Genus,
Cheloninae sp1 M_PL_062,M_PL_060_03,Subfamily,
Cheloninae sp1 M_PL_068,M_PL_060_09,Subfamily,
Cheloninae sp1 M_PL_073,M_PL_060_14,Subfamily,
Cheloninae sp1 M_PL_081,M_PL_060_22,Subfamily,
Chelonus sp1 M_PL_055,M_PL_055,Genus,
Chilicola sp1 M_PL_051,M_PL_051,Genus,
Chilicola sp2 M_PL_051,M_PL_051,Genus,
Chilicola sp3 M_PL_051,M_PL_051,Genus,
Chironomidae sp1 M_PL_060,M_PL_060_01,Family,
Chloromerus sp1 M_PL_019,M_PL_019,Genus,
Choragus sp1 M_PL_044,M_PL_044,Genus,
Chrysocharis sp1 M_PL_056,M_PL_056,Genus,
Chrysogaster sp1 M_PL_006,M_PL_006,Genus,
Chrysopa sp1 M_PL_044,M_PL_044,Genus,
Chrysopa sp2 M_PL_044,M_PL_044,Genus,
Cicadellidae sp1 M_PL_060,M_PL_060_01,Family,
Cixiidae sp1 M_PL_073,M_PL_060_14,Family,
Cixiidae sp1 M_PL_077,M_PL_060_18,Family,
Coenosia sp1 M_PL_019,M_PL_019,Genus,
Coenosia sp2 M_PL_019,M_PL_019,Genus,
Coleoptera sp1 M_PL_017,M_PL_017,Order,
Coleoptera sp17 M_PL_013,M_PL_013,Order,
Coleoptera sp18 M_PL_013,M_PL_013,Order,
Coleoptera sp19 M_PL_013,M_PL_013,Order,
Coleoptera sp2 M_PL_017,M_PL_017,Order,
Coleoptera sp23 M_PL_051,M_PL_051,Order,
Coleoptera sp24 M_PL_051,M_PL_051,Order,
Coleoptera sp3 M_PL_017,M_PL_017,Order,
Coleoptera sp33 M_PL_051,M_PL_051,Order,
Coleoptera sp34 M_PL_051,M_PL_051,Order,
Coleoptera sp35 M_PL_051,M_PL_051,Order,
Coleoptera sp36 M_PL_051,M_PL_051,Order,
Coleoptera sp4 M_PL_017,M_PL_017,Order,
Coleoptera sp4 M_PL_085,M_PL_061_02,Order,
Coleoptera sp5 M_PL_017,M_PL_017,Order,
Coleoptera sp5 M_PL_085,M_PL_061_02,Order,
Coleoptera sp5 M_PL_104,M_PL_061_21,Order,
Coleoptera sp6 M_PL_017,M_PL_017,Order,
Coleoptera sp7 M_PL_017,M_PL_017,Order,
Coleoptera sp7 M_PL_101,M_PL_061_18,Order,
Coleoptera sp8 M_PL_051,M_PL_051,Order,
Colletes sp1 M_PL_054,M_PL_054,Genus,
Colletes sp1 M_PL_058,M_PL_058,Genus,
Colletes sp2 M_PL_054,M_PL_054,Genus,
Coreidae sp21 M_PL_013,M_PL_013,Family,
Corynura sp1 M_PL_051,M_PL_051,Genus,
Cossonus sp1 M_PL_044,M_PL_044,Genus,
Cotesia sp1 M_PL_073,M_PL_060_14,Genus,
Crabro sp1 M_PL_004,M_PL_004,Genus,
Crabro sp1 M_PL_057,M_PL_057,Genus,
Criptocephalus sp1 M_PL_058,M_PL_058,Genus,Spelling mistake
Crossocerus sp1 M_PL_056,M_PL_056,Genus,
Cryptinae sp1 M_PL_063,M_PL_060_04,Subfamily,
Cryptocephalinae sp1 M_PL_076,M_PL_060_17,Subfamily,
Cyphicerus sp1 M_PL_044,M_PL_044,Genus,
Cyphon sp1 M_PL_044,M_PL_044,Genus,
Cyphon sp1 M_PL_055,M_PL_055,Genus,
Dacus sp1 M_PL_013,M_PL_013,Genus,
Dalopius sp1 M_PL_004,M_PL_004,Genus,
Dasyphora sp1 M_PL_055,M_PL_055,Genus,
Dasytinae sp1 M_PL_061,M_PL_060_02,Subfamily,
Delia sp1 M_PL_045,M_PL_045,Genus,
Dermaptera sp8 M_PL_057,M_PL_057,Order,
Desmometopa sp1 M_PL_044,M_PL_044,Genus,
Dialictus sp1 M_PL_004,M_PL_004,Subgenus,
Dienerella sp1 M_PL_055,M_PL_055,Genus,
Dienerella sp2 M_PL_055,M_PL_055,Genus,
Dilophus sp1 M_PL_019,M_PL_019,Genus,
Diostracus sp1 M_PL_019,M_PL_019,Genus,
Diphtheroptila sp1 M_PL_044,M_PL_044,Genus,
Diptera sp1 M_PL_013,M_PL_013,Order,
Diptera sp1 M_PL_062,M_PL_060_03,Order,
Diptera sp1 M_PL_084,M_PL_061_01,Order,
Diptera sp1 M_PL_085,M_PL_061_02,Order,
Diptera sp1 M_PL_086,M_PL_061_03,Order,
Diptera sp1 M_PL_087,M_PL_061_04,Order,
Diptera sp1 M_PL_088,M_PL_061_05,Order,
Diptera sp1 M_PL_089,M_PL_061_06,Order,
Diptera sp1 M_PL_090,M_PL_061_07,Order,
Diptera sp1 M_PL_091,M_PL_061_08,Order,
Diptera sp1 M_PL_092,M_PL_061_09,Order,
Diptera sp1 M_PL_093,M_PL_061_10,Order,
Diptera sp1 M_PL_094,M_PL_061_11,Order,
Diptera sp1 M_PL_095,M_PL_061_12,Order,
Diptera sp1 M_PL_096,M_PL_061_13,Order,
Diptera sp1 M_PL_097,M_PL_061_14,Order,
Diptera sp1 M_PL_099,M_PL_061_16,Order,
Diptera sp1 M_PL_101,M_PL_061_18,Order,
Diptera sp1 M_PL_102,M_PL_061_19,Order,
Diptera sp1 M_PL_104,M_PL_061_21,Order,
Diptera sp1 M_PL_105,M_PL_061_22,Order,
Diptera sp1 M_PL_107,M_PL_061_24,Order,
Diptera sp1 M_PL_108,M_PL_061_25,Order,
Diptera sp1 M_PL_111,M_PL_061_28,Order,
Diptera sp1 M_PL_114,M_PL_061_31,Order,
Diptera sp1 M_PL_115,M_PL_061_32,Order,
Diptera sp1 M_PL_118,M_PL_061_35,Order,
Diptera sp1 M_PL_119,M_PL_061_36,Order,
Diptera sp1 M_PL_121,M_PL_061_38,Order,
Diptera sp1 M_PL_126,M_PL_061_43,Order,
Diptera sp1 M_PL_127,M_PL_061_44,Order,
Diptera sp1 M_PL_128,M_PL_061_45,Order,
Diptera sp1 M_PL_129,M_PL_061_46,Order,
Diptera sp1 M_PL_130,M_PL_061_47,Order,
Diptera sp10 M_PL_017,M_PL_017,Order,
Diptera sp11 M_PL_017,M_PL_017,Order,
Diptera sp12 M_PL_017,M_PL_017,Order,
Diptera sp13 M_PL_017,M_PL_017,Order,
Diptera sp15 M_PL_017,M_PL_017,Order,
Diptera sp16 M_PL_017,M_PL_017,Order,
Diptera sp17 M_PL_017,M_PL_017,Order,
Diptera sp18 M_PL_017,M_PL_017,Order,
Diptera sp19 M_PL_017,M_PL_017,Order,
Diptera sp19 M_PL_051,M_PL_051,Order,
Diptera sp2 M_PL_013,M_PL_013,Order,
Diptera sp2 M_PL_072,M_PL_060_13,Order,
Diptera sp2 M_PL_094,M_PL_061_11,Order,
Diptera sp2 M_PL_100,M_PL_061_17,Order,
Diptera sp2 M_PL_102,M_PL_061_19,Order,
Diptera sp2 M_PL_103,M_PL_061_20,Order,
Diptera sp2 M_PL_112,M_PL_061_29,Order,
Diptera sp2 M_PL_123,M_PL_061_40,Order,
Diptera sp2 M_PL_126,M_PL_061_43,Order,
Diptera sp2 M_PL_128,M_PL_061_45,Order,
Diptera sp2 M_PL_131,M_PL_061_48,Order,
Diptera sp20 M_PL_017,M_PL_017,Order,
Diptera sp21 M_PL_017,M_PL_017,Order,
Diptera sp22 M_PL_017,M_PL_017,Order,
Diptera sp23 M_PL_017,M_PL_017,Order,
Diptera sp24 M_PL_017,M_PL_017,Order,
Diptera sp25 M_PL_017,M_PL_017,Order,
Diptera sp26 M_PL_017,M_PL_017,Order,
Diptera sp27 M_PL_017,M_PL_017,Order,
Diptera sp28 M_PL_017,M_PL_017,Order,
Diptera sp28 M_PL_051,M_PL_051,Order,
Diptera sp29 M_PL_017,M_PL_017,Order,
Diptera sp3 M_PL_013,M_PL_013,Order,
Diptera sp3 M_PL_084,M_PL_061_01,Order,
Diptera sp3 M_PL_085,M_PL_061_02,Order,
Diptera sp3 M_PL_086,M_PL_061_03,Order,
Diptera sp3 M_PL_087,M_PL_061_04,Order,
Diptera sp3 M_PL_093,M_PL_061_10,Order,
Diptera sp3 M_PL_100,M_PL_061_17,Order,
Diptera sp3 M_PL_111,M_PL_061_28,Order,
Diptera sp3 M_PL_119,M_PL_061_36,Order,
Diptera sp3 M_PL_122,M_PL_061_39,Order,
Diptera sp3 M_PL_126,M_PL_061_43,Order,
Diptera sp30 M_PL_017,M_PL_017,Order,
Diptera sp31 M_PL_017,M_PL_017,Order,
Diptera sp32 M_PL_017,M_PL_017,Order,
Diptera sp33 M_PL_017,M_PL_017,Order,
Diptera sp34 M_PL_017,M_PL_017,Order,
Diptera sp35 M_PL_017,M_PL_017,Order,
Diptera sp37 M_PL_017,M_PL_017,Order,
Diptera sp38 M_PL_017,M_PL_017,Order,
Diptera sp4 M_PL_086,M_PL_061_03,Order,
Diptera sp4 M_PL_090,M_PL_061_07,Order,
Diptera sp4 M_PL_104,M_PL_061_21,Order,
Diptera sp4 M_PL_106,M_PL_061_23,Order,
Diptera sp4 M_PL_107,M_PL_061_24,Order,
Diptera sp4 M_PL_119,M_PL_061_36,Order,
Diptera sp4 M_PL_126,M_PL_061_43,Order,
Diptera sp41 M_PL_051,M_PL_051,Order,
Diptera sp42 M_PL_051,M_PL_051,Order,
Diptera sp43 M_PL_051,M_PL_051,Order,
Diptera sp44 M_PL_051,M_PL_051,Order,
Diptera sp5 M_PL_093,M_PL_061_10,Order,
Diptera sp5 M_PL_101,M_PL_061_18,Order,
Diptera sp5 M_PL_102,M_PL_061_19,Order,
Diptera sp5 M_PL_106,M_PL_061_23,Order,
Diptera sp6 M_PL_101,M_PL_061_18,Order,
Diptera sp6 M_PL_106,M_PL_061_23,Order,
Diptera sp6 M_PL_130,M_PL_061_47,Order,
Diptera sp7 M_PL_096,M_PL_061_13,Order,
Diptera sp7 M_PL_098,M_PL_061_15,Order,
Diptera sp7 M_PL_128,M_PL_061_45,Order,
Diptera sp7 M_PL_130,M_PL_061_47,Order,
Diptera sp8 M_PL_101,M_PL_061_18,Order,
Diptera sp90 M_PL_057,M_PL_057,Order,
Diptera sp91 M_PL_057,M_PL_057,Order,
Dolichopodidae sp1 M_PL_069,M_PL_060_10,Family,
Dolichopus sp1 M_PL_045,M_PL_045,Genus,
Dolichopus sp1 M_PL_055,M_PL_055,Genus,
Drosophila sp1 M_PL_055,M_PL_055,Genus,
Drosophila sp1 M_PL_064,M_PL_060_05,Genus,
Drosophila sp1 M_PL_068,M_PL_060_09,Genus,
Drosophila sp2 M_PL_055,M_PL_055,Genus,
Drosophila sp2 M_PL_065,M_PL_060_06,Genus,
Ectemunis or Cranocernus sp1 M_PL_057,M_PL_057,Genus,Spelling mistake
Empis sp2 M_PL_019,M_PL_019,Genus,
Empis sp3 M_PL_019,M_PL_019,Genus,
Empis sp4 M_PL_019,M_PL_019,Genus,
Empis sp5 M_PL_019,M_PL_019,Genus,
Empis sp6 M_PL_019,M_PL_019,Genus,
Ephemeroptera sp344 M_PL_057,M_PL_057,Order,
Epicharis sp1 M_PL_059,M_PL_059,Genus,
Epistoropheaino sp1 M_PL_057,M_PL_057,Genus,Spelling mistake: should be: Epistrophe
Epistrophe sp1 M_PL_055,M_PL_055,Genus,
Episyrphus sp1 M_PL_060,M_PL_060_01,Genus,
Episyrphus sp1 M_PL_061,M_PL_060_02,Genus,
Episyrphus sp1 M_PL_062,M_PL_060_03,Genus,
Episyrphus sp1 M_PL_063,M_PL_060_04,Genus,
Episyrphus sp1 M_PL_064,M_PL_060_05,Genus,
Episyrphus sp1 M_PL_067,M_PL_060_08,Genus,
Episyrphus sp1 M_PL_068,M_PL_060_09,Genus,
Episyrphus sp1 M_PL_070,M_PL_060_11,Genus,
Episyrphus sp1 M_PL_071,M_PL_060_12,Genus,
Episyrphus sp1 M_PL_073,M_PL_060_14,Genus,
Episyrphus sp1 M_PL_074,M_PL_060_15,Genus,
Episyrphus sp1 M_PL_075,M_PL_060_16,Genus,
Episyrphus sp1 M_PL_076,M_PL_060_17,Genus,
Episyrphus sp1 M_PL_080,M_PL_060_21,Genus,
Episyrphus sp1 M_PL_081,M_PL_060_22,Genus,
Episyrphus sp1 M_PL_082,M_PL_060_23,Genus,
Epuraea sp1 M_PL_056,M_PL_056,Genus,
Epuraea sp1 M_PL_057,M_PL_057,Genus,
Eucera sp1 M_PL_058,M_PL_058,Genus,
Eumolpinae sp1 M_PL_064,M_PL_060_05,Subfamily,
Eumolpinae sp1 M_PL_075,M_PL_060_16,Subfamily,
Eumolpinae sp1 M_PL_077,M_PL_060_18,Subfamily,
Eumolpinae sp2 M_PL_075,M_PL_060_16,Subfamily,
Euryglossa sp1 M_PL_019,M_PL_019,Genus,
Euryglossa sp2 M_PL_019,M_PL_019,Genus,
Euryglossa sp3 M_PL_019,M_PL_019,Genus,
Eusphalerum sp1 M_PL_004,M_PL_004,Genus,
Eutachina sp1 M_PL_055,M_PL_055,,Can't find
Evylaeus sp1 M_PL_051,M_PL_051,Subgenus,
Exonera sp1 M_PL_019,M_PL_019,,Can't find
Forcipomyia sp1 M_PL_096,M_PL_061_13,Genus,
Forcipomyia sp1 M_PL_098,M_PL_061_15,Genus,
Forcipomyia sp1 M_PL_099,M_PL_061_16,Genus,
Forcipomyia sp1 M_PL_103,M_PL_061_20,Genus,
Forcipomyia sp1 M_PL_106,M_PL_061_23,Genus,
Forcipomyia sp1 M_PL_121,M_PL_061_38,Genus,
Forcipomyia sp1 M_PL_128,M_PL_061_45,Genus,
Forcipomyia sp1 M_PL_130,M_PL_061_47,Genus,
Formica sp1 M_PL_057,M_PL_057,Genus,
Formicidae sp1 M_PL_057,M_PL_057,Family,
GELECHIIDAE sp1 M_PL_057,M_PL_057,Family,
Gelechioidea sp1 M_PL_065,M_PL_060_06,Superfamily,
Gelechioidea sp1 M_PL_073,M_PL_060_14,Superfamily,
Gelechioidea sp1 M_PL_074,M_PL_060_15,Superfamily,
Gelechioidea sp1 M_PL_075,M_PL_060_16,Superfamily,
Gelechioidea sp1 M_PL_076,M_PL_060_17,Superfamily,
Gelechioidea sp2 M_PL_074,M_PL_060_15,Superfamily,
Gelechioidea sp2 M_PL_076,M_PL_060_17,Superfamily,
Gonia sp1 M_PL_025,M_PL_025,Genus,
Gorpis sp1 M_PL_057,M_PL_057,Genus,
Gymnosoma sp1 M_PL_055,M_PL_055,Genus,
Halictid sp1 M_PL_025,M_PL_025,Family,
Halictus sp1 M_PL_058,M_PL_058,Genus,
Halyctus sp1 M_PL_058,M_PL_058,Family,Best guesss is it's family
Haplothrips sp1 M_PL_055,M_PL_055,Genus,
Harpalus sp1 M_PL_057,M_PL_057,Genus,
Helina sp1 M_PL_019,M_PL_019,Genus,
Helina sp1 M_PL_055,M_PL_055,Genus,
Helina sp2 M_PL_019,M_PL_019,Genus,
Helina sp2 M_PL_055,M_PL_055,Genus,
Helina sp3 M_PL_055,M_PL_055,Genus,
Helina sp4 M_PL_055,M_PL_055,Genus,
Helophilus sp1 M_PL_006,M_PL_006,Genus,
Helophilus sp1 M_PL_007,M_PL_007,Genus,
Hemipyrellia sp1 M_PL_086,M_PL_061_03,Genus,
Hemipyrellia sp1 M_PL_087,M_PL_061_04,Genus,
Hemipyrellia sp1 M_PL_088,M_PL_061_05,Genus,
Hemipyrellia sp1 M_PL_093,M_PL_061_10,Genus,
Hemipyrellia sp1 M_PL_095,M_PL_061_12,Genus,
Hemipyrellia sp1 M_PL_097,M_PL_061_14,Genus,
Hemipyrellia sp1 M_PL_098,M_PL_061_15,Genus,
Hemipyrellia sp1 M_PL_106,M_PL_061_23,Genus,
Hemipyrellia sp1 M_PL_107,M_PL_061_24,Genus,
Hemipyrellia sp1 M_PL_108,M_PL_061_25,Genus,
Hemipyrellia sp1 M_PL_109,M_PL_061_26,Genus,
Hemipyrellia sp1 M_PL_110,M_PL_061_27,Genus,
Hemipyrellia sp1 M_PL_111,M_PL_061_28,Genus,
Hemipyrellia sp1 M_PL_112,M_PL_061_29,Genus,
Hemipyrellia sp1 M_PL_114,M_PL_061_31,Genus,
Hemipyrellia sp1 M_PL_115,M_PL_061_32,Genus,
Hemipyrellia sp1 M_PL_118,M_PL_061_35,Genus,
Hemipyrellia sp1 M_PL_119,M_PL_061_36,Genus,
Hemipyrellia sp1 M_PL_123,M_PL_061_40,Genus,
Hemipyrellia sp1 M_PL_126,M_PL_061_43,Genus,
Hemipyrellia sp1 M_PL_127,M_PL_061_44,Genus,
Hemipyrellia sp1 M_PL_129,M_PL_061_46,Genus,
Hemipyrellia sp1 M_PL_130,M_PL_061_47,Genus,
Hemipyrellia sp1 M_PL_131,M_PL_061_48,Genus,
Heteroptera sp23 M_PL_013,M_PL_013,Suborder,
Heteroptera sp45 M_PL_051,M_PL_051,Suborder,
Heterosarus sp1 M_PL_051,M_PL_051,Genus,
Homoneura sp1 M_PL_055,M_PL_055,Genus,
Homoneura sp1 M_PL_061,M_PL_060_02,Genus,
Homoneura sp1 M_PL_062,M_PL_060_03,Genus,
Homoneura sp1 M_PL_063,M_PL_060_04,Genus,
Homoneura sp1 M_PL_064,M_PL_060_05,Genus,
Homoneura sp1 M_PL_072,M_PL_060_13,Genus,
Homoneura sp2 M_PL_055,M_PL_055,Genus,
Homoneura sp2 M_PL_072,M_PL_060_13,Genus,
Hyadina sp1 M_PL_062,M_PL_060_03,Genus,
Hyadina sp1 M_PL_068,M_PL_060_09,Genus,
Hydrellia sp1 M_PL_019,M_PL_019,Genus,
Hydrillodes sp1 M_PL_063,M_PL_060_04,Genus,
Hydrillodes sp1 M_PL_069,M_PL_060_10,Genus,
Hydropsychoides sp1 M_PL_044,M_PL_044,Family,Spelling mistake
Hydropsychoides sp2 M_PL_044,M_PL_044,Family,Spelling mistake
Hylaeus sp1 M_PL_019,M_PL_019,Genus,
Hylaeus sp1 M_PL_073,M_PL_073,Genus,
Hylaeus sp2 M_PL_058,M_PL_058,Genus,
Hymenoptera sp1 M_PL_109,M_PL_061_26,Order,
Hymenoptera sp383 M_PL_057,M_PL_057,Order,
Hymenoptera sp384 M_PL_057,M_PL_057,Order,
Hymenoptera sp39 M_PL_017,M_PL_017,Order,
Hymenoptera sp4 M_PL_013,M_PL_013,Order,
Hymenoptera sp4 M_PL_092,M_PL_061_09,Order,
Hymenoptera sp41 M_PL_017,M_PL_017,Order,
Hymenoptera sp42 M_PL_017,M_PL_017,Order,
Hymenoptera sp5 M_PL_013,M_PL_013,Order,
Hymenoptera sp5 M_PL_089,M_PL_061_06,Order,
Hymenoptera sp5 M_PL_128,M_PL_061_45,Order,
Hymenoptera sp51 M_PL_051,M_PL_051,Order,
Hymenoptera sp52 M_PL_051,M_PL_051,Order,
Hymenoptera sp6 M_PL_013,M_PL_013,Order,
Hyphesma sp1 M_PL_019,M_PL_019,,Can't find
Idiocerus sp1 M_PL_044,M_PL_044,Genus,
Ilespinae sp1 M_PL_057,M_PL_057,,Can't find
Incurviseta sp1 M_PL_019,M_PL_019,Genus,
Incurviseta sp2 M_PL_019,M_PL_019,Genus,
Ischirosyrphus sp1 M_PL_044,M_PL_044,Subgenus,Incorrect spelling: Ischyrosyrphus
Jujiroa sp1 M_PL_057,M_PL_057,Genus,
Lachesilla sp1 M_PL_044,M_PL_044,Genus,
Larra sp1 M_PL_055,M_PL_055,Genus,
Lasioglossum sp K1,M_PL_056,Genus,
Lasioglossum sp K2,M_PL_056,Genus,
Lasioglossum sp1 M_PL_019,M_PL_019,Genus,
Lasioglossum sp1 M_PL_044,M_PL_044,Genus,
Lasioglossum sp1 M_PL_054,M_PL_054,Genus,
Lasioglossum sp1 M_PL_056,M_PL_056,Genus,
Lasioglossum sp1 M_PL_057,M_PL_057,Genus,
Lasioglossum sp1 M_PL_058,M_PL_058,Genus,
Lasioglossum sp1 M_PL_073,M_PL_073,Genus,
Lasioglossum sp10 M_PL_019,M_PL_019,Genus,
Lasioglossum sp10 M_PL_057,M_PL_057,Genus,
Lasioglossum sp11 M_PL_019,M_PL_019,Genus,
Lasioglossum sp11 M_PL_057,M_PL_057,Genus,
Lasioglossum sp12 M_PL_057,M_PL_057,Genus,
Lasioglossum sp2 M_PL_019,M_PL_019,Genus,
Lasioglossum sp2 M_PL_044,M_PL_044,Genus,
Lasioglossum sp2 M_PL_054,M_PL_054,Genus,
Lasioglossum sp2 M_PL_057,M_PL_057,Genus,
Lasioglossum sp3 M_PL_019,M_PL_019,Genus,
Lasioglossum sp3 M_PL_044,M_PL_044,Genus,
Lasioglossum sp3 M_PL_057,M_PL_057,Genus,
Lasioglossum sp4 M_PL_019,M_PL_019,Genus,
Lasioglossum sp4 M_PL_057,M_PL_057,Genus,
Lasioglossum sp5 M_PL_019,M_PL_019,Genus,
Lasioglossum sp5 M_PL_057,M_PL_057,Genus,
Lasioglossum sp6 M_PL_019,M_PL_019,Genus,
Lasioglossum sp6 M_PL_057,M_PL_057,Genus,
Lasioglossum sp7 M_PL_019,M_PL_019,Genus,
Lasioglossum sp7 M_PL_057,M_PL_057,Genus,
Lasioglossum sp8 M_PL_019,M_PL_019,Genus,
Lasioglossum sp8 M_PL_057,M_PL_057,Genus,
Lasioglossum sp9 M_PL_019,M_PL_019,Genus,
Lasioglossum sp9 M_PL_057,M_PL_057,Genus,
Lasiomma sp1 M_PL_045,M_PL_045,Genus,
Lasius sp1 M_PL_057,M_PL_057,Genus,
Lassiopogon sp1 M_PL_058,M_PL_058,Genus,Incorrect spelling: Lasiopogon
Lauxania sp1 M_PL_066,M_PL_060_07,Genus,
Lecithoceridae sp1 M_PL_063,M_PL_060_04,Family,
Lecithoceridae sp1 M_PL_064,M_PL_060_05,Family,
Lecithoceridae sp1 M_PL_067,M_PL_060_08,Family,
Lecithoceridae sp1 M_PL_071,M_PL_060_12,Family,
Lecithoceridae sp1 M_PL_073,M_PL_060_14,Family,
Lecithoceridae sp1 M_PL_076,M_PL_060_17,Family,
Lecithoceridae sp1 M_PL_080,M_PL_060_21,Family,
Lecithoceridae sp1 M_PL_081,M_PL_060_22,Family,
Lecithoceridae sp2 M_PL_064,M_PL_060_05,Family,
Leeuwenia sp1 M_PL_044,M_PL_044,Genus,
Leioproctus sp1 M_PL_019,M_PL_019,Genus,
Leioproctus sp2 M_PL_019,M_PL_019,Genus,
Leioproctus sp3 M_PL_019,M_PL_019,Genus,
Leioproctus sp4 M_PL_019,M_PL_019,Genus,
Leioproctus sp5 M_PL_019,M_PL_019,Genus,
Lepidoptera sp37 M_PL_013,M_PL_013,Order,
Lepidoptera sp38 M_PL_013,M_PL_013,Order,
Lepidoptera sp5 M_PL_051,M_PL_051,Order,
Limnia sp1 M_PL_055,M_PL_055,Genus,
Limnophora sp1 M_PL_019,M_PL_019,Genus,
Limnophora sp1 M_PL_055,M_PL_055,Genus,
Limnophora sp2 M_PL_055,M_PL_055,Genus,
Limnophora sp3 M_PL_055,M_PL_055,Genus,
Limnophora sp4 M_PL_055,M_PL_055,Genus,
Limnophora sp5 M_PL_055,M_PL_055,Genus,
Limnophora sp6 M_PL_055,M_PL_055,Genus,
Limonia sp1 M_PL_065,M_PL_060_06,Genus,
Limoniidae sp1 M_PL_064,M_PL_060_05,Family,
Lispe sp1 M_PL_055,M_PL_055,Genus,
Lucilia sp1 M_PL_006,M_PL_006,Genus,
Lucilia sp1 M_PL_007,M_PL_007,Genus,
Lucilia sp1 M_PL_056,M_PL_056,Genus,
Lygaeidae sp1 M_PL_062,M_PL_060_03,Family,
Lygaeidae sp1 M_PL_064,M_PL_060_05,Family,
Lygaeidae sp1 M_PL_067,M_PL_060_08,Family,
Lygaeidae sp1 M_PL_074,M_PL_060_15,Family,
Lygaeidae sp1 M_PL_077,M_PL_060_18,Family,
Lygaeidae sp1 M_PL_078,M_PL_060_19,Family,
Lygaeidae sp1 M_PL_082,M_PL_060_23,Family,
Lygaeidae sp2 M_PL_065,M_PL_060_06,Family,
Lygistorrhina sp1 M_PL_060,M_PL_060_01,Genus,
Lygistorrhina sp1 M_PL_061,M_PL_060_02,Genus,
Lygistorrhina sp1 M_PL_062,M_PL_060_03,Genus,
Lygistorrhina sp1 M_PL_063,M_PL_060_04,Genus,
Lygistorrhina sp1 M_PL_064,M_PL_060_05,Genus,
Lygistorrhina sp1 M_PL_066,M_PL_060_07,Genus,
Lygistorrhina sp1 M_PL_071,M_PL_060_12,Genus,
Lygistorrhina sp1 M_PL_072,M_PL_060_13,Genus,
Lygistorrhina sp1 M_PL_073,M_PL_060_14,Genus,
Lygistorrhina sp1 M_PL_074,M_PL_060_15,Genus,
Lygistorrhina sp1 M_PL_075,M_PL_060_16,Genus,
Lygistorrhina sp1 M_PL_076,M_PL_060_17,Genus,
Lygistorrhina sp1 M_PL_077,M_PL_060_18,Genus,
Lygistorrhina sp1 M_PL_084,M_PL_061_01,Genus,
Lygistorrhina sp1 M_PL_085,M_PL_061_02,Genus,
Lygistorrhina sp1 M_PL_086,M_PL_061_03,Genus,
Lygistorrhina sp1 M_PL_088,M_PL_061_05,Genus,
Lygistorrhina sp1 M_PL_089,M_PL_061_06,Genus,
Lygistorrhina sp1 M_PL_091,M_PL_061_08,Genus,
Lygistorrhina sp1 M_PL_092,M_PL_061_09,Genus,
Lygistorrhina sp1 M_PL_093,M_PL_061_10,Genus,
Lygistorrhina sp1 M_PL_096,M_PL_061_13,Genus,
Lygistorrhina sp1 M_PL_098,M_PL_061_15,Genus,
Lygistorrhina sp1 M_PL_099,M_PL_061_16,Genus,
Lygistorrhina sp1 M_PL_102,M_PL_061_19,Genus,
Lygistorrhina sp1 M_PL_103,M_PL_061_20,Genus,
Lygistorrhina sp1 M_PL_104,M_PL_061_21,Genus,
Lygistorrhina sp1 M_PL_106,M_PL_061_23,Genus,
Lygistorrhina sp1 M_PL_107,M_PL_061_24,Genus,
Lygistorrhina sp1 M_PL_108,M_PL_061_25,Genus,
Lygistorrhina sp1 M_PL_109,M_PL_061_26,Genus,
Lygistorrhina sp1 M_PL_111,M_PL_061_28,Genus,
Lygistorrhina sp1 M_PL_112,M_PL_061_29,Genus,
Lygistorrhina sp1 M_PL_114,M_PL_061_31,Genus,
Lygistorrhina sp1 M_PL_115,M_PL_061_32,Genus,
Lygistorrhina sp1 M_PL_118,M_PL_061_35,Genus,
Lygistorrhina sp1 M_PL_119,M_PL_061_36,Genus,
Lygistorrhina sp1 M_PL_120,M_PL_061_37,Genus,
Lygistorrhina sp1 M_PL_121,M_PL_061_38,Genus,
Lygistorrhina sp1 M_PL_126,M_PL_061_43,Genus,
Lygistorrhina sp1 M_PL_127,M_PL_061_44,Genus,
Lygistorrhina sp1 M_PL_128,M_PL_061_45,Genus,
Lygistorrhina sp1 M_PL_130,M_PL_061_47,Genus,
Lygistorrhina sp1 M_PL_131,M_PL_061_48,Genus,
Lygistorrhina sp2 M_PL_065,M_PL_060_06,Genus,
Lygocoris sp1 M_PL_044,M_PL_044,Genus,
Lygocoris sp10 M_PL_044,M_PL_044,Genus,
Lygocoris sp2 M_PL_044,M_PL_044,Genus,
Lygocoris sp3 M_PL_044,M_PL_044,Genus,
Lygocoris sp4 M_PL_044,M_PL_044,Genus,
Lygocoris sp5 M_PL_044,M_PL_044,Genus,
Lygocoris sp6 M_PL_044,M_PL_044,Genus,
Lygocoris sp7 M_PL_044,M_PL_044,Genus,
Lygocoris sp8 M_PL_044,M_PL_044,Genus,
Lygocoris sp9 M_PL_044,M_PL_044,Genus,
Macrocorynus sp1 M_PL_044,M_PL_044,Genus,
Macrophya sp1 M_PL_057,M_PL_057,Genus,
Masicera sp1 M_PL_055,M_PL_055,Genus,
Matsumuraiella sp1 M_PL_044,M_PL_044,Genus,
Mauoglossum sp1 M_PL_057,M_PL_057,Genus,
Mecoptera sp485 M_PL_057,M_PL_057,Order,
Mediza sp1 M_PL_044,M_PL_044,,Can't find
Megachile sp1 M_PL_019,M_PL_019,Genus,
Megachile sp1 M_PL_051,M_PL_051,Genus,
Megachile sp1 M_PL_056,M_PL_056,Genus,
Megachile sp1 M_PL_058,M_PL_058,Genus,
Megachile sp2 M_PL_051,M_PL_051,Genus,
Megachile sp2 M_PL_058,M_PL_058,Genus,
Melangyna sp1 M_PL_019,M_PL_019,Genus,
Melangyna sp1 M_PL_057,M_PL_057,Genus,
Melanostoma sp1 M_PL_004,M_PL_004,Genus,
Melanostoma sp1 M_PL_006,M_PL_006,Genus,
Melanostoma sp1 M_PL_007,M_PL_007,Genus,
Melanostoma sp1 M_PL_033,M_PL_033,Genus,
Meliscaeva sp1 M_PL_006,M_PL_006,Genus,
Meliscaeva sp1 M_PL_007,M_PL_007,Genus,
Metasyrphus sp1 M_PL_056,M_PL_056,Subgenus,
Metialina sp1 M_PL_057,M_PL_057,Genus,
Micromoth sp1 M_PL_006,M_PL_006,,Not ranked: group of moth families
Microphthalma sp1 M_PL_013,M_PL_013,Genus,
Microphthalma sp2 M_PL_013,M_PL_013,Genus,
Miridae sp1 M_PL_060,M_PL_060_01,Family,
Miridae sp1 M_PL_064,M_PL_060_05,Family,
Miridae sp1 M_PL_079,M_PL_060_20,Family,
Mordellidae sp1 M_PL_065,M_PL_060_06,Family,
Mordellidae sp1 M_PL_066,M_PL_060_07,Family,
Mordellidae sp1 M_PL_077,M_PL_060_18,Family,
Mordellidae sp1 M_PL_080,M_PL_060_21,Family,
Mordellidae sp1 M_PL_081,M_PL_060_22,Family,
Mordellidae sp1 M_PL_082,M_PL_060_23,Family,
Mordellidae sp2 M_PL_065,M_PL_060_06,Family,
Mordellina sp1 M_PL_054,M_PL_054,Genus,
Mordellina sp1 M_PL_057,M_PL_057,Genus,
Mordellistena sp1 M_PL_054,M_PL_054,Genus,
Mordellistena sp1 M_PL_056,M_PL_056,Genus,
Mordellistena sp1 M_PL_057,M_PL_057,Genus,
Mythimna sp1 M_PL_064,M_PL_060_05,Genus,
Nacoleia sp1 M_PL_060,M_PL_060_01,Genus,
Nacoleia sp1 M_PL_061,M_PL_060_02,Genus,
Nacoleia sp1 M_PL_062,M_PL_060_03,Genus,
Nacoleia sp1 M_PL_063,M_PL_060_04,Genus,
Nacoleia sp1 M_PL_064,M_PL_060_05,Genus,
Nacoleia sp1 M_PL_066,M_PL_060_07,Genus,
Nacoleia sp1 M_PL_067,M_PL_060_08,Genus,
Nacoleia sp1 M_PL_068,M_PL_060_09,Genus,
Nacoleia sp1 M_PL_069,M_PL_060_10,Genus,
Nacoleia sp1 M_PL_070,M_PL_060_11,Genus,
Nacoleia sp1 M_PL_071,M_PL_060_12,Genus,
Nacoleia sp1 M_PL_072,M_PL_060_13,Genus,
Nacoleia sp1 M_PL_073,M_PL_060_14,Genus,
Nacoleia sp1 M_PL_074,M_PL_060_15,Genus,
Nacoleia sp1 M_PL_075,M_PL_060_16,Genus,
Nacoleia sp1 M_PL_076,M_PL_060_17,Genus,
Nacoleia sp1 M_PL_077,M_PL_060_18,Genus,
Nacoleia sp1 M_PL_079,M_PL_060_20,Genus,
Nacoleia sp1 M_PL_080,M_PL_060_21,Genus,
Nacoleia sp1 M_PL_081,M_PL_060_22,Genus,
Nacoleia sp1 M_PL_082,M_PL_060_23,Genus,
Nacoleia sp2 M_PL_061,M_PL_060_02,Genus,
Nacoleia sp2 M_PL_063,M_PL_060_04,Genus,
Nacoleia sp2 M_PL_064,M_PL_060_05,Genus,
Nacoleia sp2 M_PL_067,M_PL_060_08,Genus,
Nacoleia sp2 M_PL_068,M_PL_060_09,Genus,
Nacoleia sp2 M_PL_072,M_PL_060_13,Genus,
Nacoleia sp2 M_PL_073,M_PL_060_14,Genus,
Nacoleia sp2 M_PL_075,M_PL_060_16,Genus,
Nacoleia sp2 M_PL_081,M_PL_060_22,Genus,
Nacoleia sp3 M_PL_065,M_PL_060_06,Genus,
Nacoleia sp4 M_PL_065,M_PL_060_06,Genus,
Neoascia sp1 M_PL_057,M_PL_057,Genus,
Neuroptera sp132 M_PL_054,M_PL_054,Order,
Neuroptera sp35 M_PL_054,M_PL_054,Order,
Neuroptera sp486 M_PL_057,M_PL_057,Order,
Nitidulidae sp1 M_PL_077,M_PL_060_18,Family,
Nodena sp1 M_PL_044,M_PL_044,,Can't find
Nogodinidae sp1 M_PL_067,M_PL_060_08,Family,
Nomada sp1 M_PL_025,M_PL_025,Genus,
Nomada sp1 M_PL_056,M_PL_056,Genus,
Nomada sp1 M_PL_057,M_PL_057,Genus,
Nomada sp1 M_PL_058,M_PL_058,Genus,
Nysius sp1 M_PL_054,M_PL_054,Genus,
Nysius sp1 M_PL_057,M_PL_057,Genus,
Odontobracon sp1 M_PL_055,M_PL_055,Genus,
Oligia sp1 M_PL_006,M_PL_006,Genus,
Onesia sp1 M_PL_056,M_PL_056,Genus,
Oomorphoides sp1 M_PL_044,M_PL_044,Genus,
Orthoptera sp126 M_PL_057,M_PL_057,Order,
Orthoptera sp127 M_PL_057,M_PL_057,Order,
Orthoptera sp133 M_PL_054,M_PL_054,Order,
Orthoptera sp134 M_PL_054,M_PL_054,Order,
Orthoptera sp135 M_PL_054,M_PL_054,Order,
Orthoptera sp487 M_PL_057,M_PL_057,Order,
Orthoptera sp68 M_PL_057,M_PL_057,Order,
Orthoptera sp69 M_PL_057,M_PL_057,Order,
Osmia sp1 M_PL_025,M_PL_025,Genus,
Osmia sp1 M_PL_058,M_PL_058,Genus,
Pachyprotasis sp1 M_PL_057,M_PL_057,Genus,
Pachyprotasis sp2 M_PL_057,M_PL_057,Genus,
Pachyprotasis sp3 M_PL_057,M_PL_057,Genus,
Paleorhiza sp1 M_PL_071,M_PL_060_12,Genus,
Palexorista sp1 M_PL_074,M_PL_060_15,Genus,
Parhelophilus sp1 M_PL_006,M_PL_006,Genus,
Passaloecus sp1 M_PL_004,M_PL_004,Genus,
Pegomya sp1 M_PL_045,M_PL_045,Genus,
Peribaea sp1 M_PL_065,M_PL_060_06,Genus,
Phalangida sp488 M_PL_057,M_PL_057,Order,
Phaonia sp1 M_PL_055,M_PL_055,Genus,
Phaonia sp2 M_PL_055,M_PL_055,Genus,
Phaonia sp3 M_PL_055,M_PL_055,Genus,
Phelsuma sp1 M_PL_084,M_PL_061_01,Genus,
Phelsuma sp1 M_PL_085,M_PL_061_02,Genus,
Phelsuma sp1 M_PL_086,M_PL_061_03,Genus,
Phelsuma sp1 M_PL_088,M_PL_061_05,Genus,
Phelsuma sp1 M_PL_089,M_PL_061_06,Genus,
Phelsuma sp1 M_PL_090,M_PL_061_07,Genus,
Phelsuma sp1 M_PL_091,M_PL_061_08,Genus,
Phelsuma sp1 M_PL_093,M_PL_061_10,Genus,
Phelsuma sp1 M_PL_096,M_PL_061_13,Genus,
Phelsuma sp1 M_PL_097,M_PL_061_14,Genus,
Phelsuma sp1 M_PL_098,M_PL_061_15,Genus,
Phelsuma sp1 M_PL_099,M_PL_061_16,Genus,
Phelsuma sp1 M_PL_100,M_PL_061_17,Genus,
Phelsuma sp1 M_PL_101,M_PL_061_18,Genus,
Phelsuma sp1 M_PL_102,M_PL_061_19,Genus,
Phelsuma sp1 M_PL_103,M_PL_061_20,Genus,
Phelsuma sp1 M_PL_104,M_PL_061_21,Genus,
Phelsuma sp1 M_PL_105,M_PL_061_22,Genus,
Phelsuma sp1 M_PL_107,M_PL_061_24,Genus,
Phelsuma sp1 M_PL_111,M_PL_061_28,Genus,
Phelsuma sp1 M_PL_112,M_PL_061_29,Genus,
Phelsuma sp1 M_PL_113,M_PL_061_30,Genus,
Phelsuma sp1 M_PL_114,M_PL_061_31,Genus,
Phelsuma sp1 M_PL_115,M_PL_061_32,Genus,
Phelsuma sp1 M_PL_119,M_PL_061_36,Genus,
Phelsuma sp1 M_PL_120,M_PL_061_37,Genus,
Phelsuma sp1 M_PL_121,M_PL_061_38,Genus,
Phelsuma sp1 M_PL_122,M_PL_061_39,Genus,
Phelsuma sp1 M_PL_123,M_PL_061_40,Genus,
Phelsuma sp1 M_PL_128,M_PL_061_45,Genus,
Phelsuma sp1 M_PL_129,M_PL_061_46,Genus,
Phelsuma sp1 M_PL_130,M_PL_061_47,Genus,
Phelsuma sp1 M_PL_131,M_PL_061_48,Genus,
Philonicus sp1 M_PL_044,M_PL_044,Genus,
Phorinia sp1 M_PL_061,M_PL_060_02,Genus,
Phorinia sp1 M_PL_062,M_PL_060_03,Genus,
Phorinia sp1 M_PL_063,M_PL_060_04,Genus,
Phorinia sp1 M_PL_066,M_PL_060_07,Genus,
Phorinia sp1 M_PL_067,M_PL_060_08,Genus,
Phorinia sp1 M_PL_068,M_PL_060_09,Genus,
Phorinia sp1 M_PL_069,M_PL_060_10,Genus,
Phorinia sp1 M_PL_070,M_PL_060_11,Genus,
Phorinia sp1 M_PL_071,M_PL_060_12,Genus,
Phorinia sp1 M_PL_072,M_PL_060_13,Genus,
Phorinia sp1 M_PL_075,M_PL_060_16,Genus,
Phorinia sp1 M_PL_079,M_PL_060_20,Genus,
Phorinia sp1 M_PL_080,M_PL_060_21,Genus,
Phorinia sp1 M_PL_081,M_PL_060_22,Genus,
Phorinia sp1 M_PL_082,M_PL_060_23,Genus,
Phthiria sp1 M_PL_051,M_PL_051,Genus,
Phthiria sp2 M_PL_051,M_PL_051,Genus,
Phytobius sp1 M_PL_055,M_PL_055,Genus,
Phytoliriomyza sp1 M_PL_019,M_PL_019,Genus,
Platycheirus sp1 M_PL_006,M_PL_006,Genus,
Platycheirus sp1 M_PL_007,M_PL_007,Genus,
Platycheirus sp1 M_PL_051,M_PL_051,Genus,
Platycheirus sp1 M_PL_056,M_PL_056,Genus,
Plecoptera sp128 M_PL_057,M_PL_057,Order,
Plecoptera sp489 M_PL_057,M_PL_057,Order,
Plecoptera sp490 M_PL_057,M_PL_057,Order,
Plecoptera sp491 M_PL_057,M_PL_057,Order,
Plecoptera sp492 M_PL_057,M_PL_057,Order,
Plecoptera sp493 M_PL_057,M_PL_057,Order,
Plecoptera sp494 M_PL_057,M_PL_057,Order,
Plecoptera sp495 M_PL_057,M_PL_057,Order,
Podabrus sp1 M_PL_044,M_PL_044,Genus,
Podabrus sp2 M_PL_044,M_PL_044,Genus,
Podabrus sp3 M_PL_044,M_PL_044,Genus,
Poecilohetaerus sp1 M_PL_019,M_PL_019,Genus,
Pollenia sp1 M_PL_006,M_PL_006,Genus,
Pollenia sp1 M_PL_007,M_PL_007,Genus,
Prosena sp1 M_PL_019,M_PL_019,Genus,
Protocalliphora sp1 M_PL_024,M_PL_024,Genus,
Psen sp1 M_PL_055,M_PL_055,Genus,
Psenulus sp1 M_PL_057,M_PL_057,Genus,
Psilothrix sp1 M_PL_058,M_PL_058,Genus,
Psithyrus sp1 M_PL_004,M_PL_004,Subgenus,
Psithyrus sp1 M_PL_017,M_PL_017,Subgenus,
Psococerastis sp1 M_PL_044,M_PL_044,Genus,
Psococerastis sp2 M_PL_044,M_PL_044,Genus,
Psococerastis sp3 M_PL_044,M_PL_044,Genus,
Psocoptera sp138 M_PL_054,M_PL_054,Order,
Psyllidae sp1 M_PL_060,M_PL_060_01,Family,
Psyllidae sp1 M_PL_064,M_PL_060_05,Family,
Psyllidae sp1 M_PL_073,M_PL_060_14,Family,
Pteromalidae sp1 M_PL_062,M_PL_060_03,Family,
Pteromalidae sp1 M_PL_069,M_PL_060_10,Family,
Pterophoridae sp1 M_PL_062,M_PL_060_03,Family,
Quasimus sp1 M_PL_044,M_PL_044,Genus,
Rhamphomyia sp1 M_PL_024,M_PL_024,Genus,
Rhopalum sp1 M_PL_004,M_PL_004,Genus,
Rhotana sp1 M_PL_044,M_PL_044,Genus,
Rivellia sp1 M_PL_019,M_PL_019,Genus,
Rutilia sp1 M_PL_019,M_PL_019,Genus,
Sapromyza sp1 M_PL_019,M_PL_019,Genus,
Sapromyza sp1 M_PL_060,M_PL_060_01,Genus,
Sapromyza sp1 M_PL_061,M_PL_060_02,Genus,
Sapromyza sp1 M_PL_064,M_PL_060_05,Genus,
Sapromyza sp1 M_PL_066,M_PL_060_07,Genus,
Sapromyza sp1 M_PL_068,M_PL_060_09,Genus,
Sapromyza sp1 M_PL_072,M_PL_060_13,Genus,
Sapromyza sp1 M_PL_073,M_PL_060_14,Genus,
Sapromyza sp1 M_PL_083,M_PL_060_24,Genus,
Sarcophaga sp1 M_PL_013,M_PL_013,Genus,
Sarcophagus sp1 M_PL_006,M_PL_006,Family,I think this is a spelling mistake: Sarcophagidae
Sarcophagus sp1 M_PL_007,M_PL_007,Family,I think this is a spelling mistake: Sarcophagidae
Sarrothripinae sp1 M_PL_067,M_PL_060_08,Subfamily,Best information I can get
Scaptodrosophila sp1 M_PL_084,M_PL_061_01,Genus,
Scaptodrosophila sp1 M_PL_088,M_PL_061_05,Genus,
Scaptodrosophila sp1 M_PL_090,M_PL_061_07,Genus,
Scaptodrosophila sp1 M_PL_096,M_PL_061_13,Genus,
Scaptodrosophila sp1 M_PL_100,M_PL_061_17,Genus,
Scaptodrosophila sp1 M_PL_101,M_PL_061_18,Genus,
Scaptodrosophila sp1 M_PL_102,M_PL_061_19,Genus,
Scaptodrosophila sp1 M_PL_104,M_PL_061_21,Genus,
Scaptodrosophila sp1 M_PL_106,M_PL_061_23,Genus,
Scaptodrosophila sp1 M_PL_107,M_PL_061_24,Genus,
Scaptodrosophila sp1 M_PL_108,M_PL_061_25,Genus,
Scaptodrosophila sp1 M_PL_120,M_PL_061_37,Genus,
Scaptodrosophila sp1 M_PL_122,M_PL_061_39,Genus,
Scaptodrosophila sp1 M_PL_130,M_PL_061_47,Genus,
Scatopsidae sp1 M_PL_063,M_PL_060_04,Family,
Scatopsidae sp1 M_PL_074,M_PL_060_15,Family,
Scirtidae sp1 M_PL_060,M_PL_060_01,Family,
Scirtidae sp1 M_PL_073,M_PL_060_14,Family,
Scirtidae sp1 M_PL_074,M_PL_060_15,Family,
Scirtidae sp2 M_PL_060,M_PL_060_01,Family,
Scolia sp1 M_PL_058,M_PL_058,Genus,
Scopariinae sp1 M_PL_065,M_PL_060_06,Subfamily,
Scopariinae sp1 M_PL_069,M_PL_060_10,Subfamily,
Scopariinae sp1 M_PL_073,M_PL_060_14,Subfamily,
Senopterina sp1 M_PL_044,M_PL_044,Genus,
Senostoma sp1 M_PL_019,M_PL_019,Genus,
Senostoma sp2 M_PL_019,M_PL_019,Genus,
Senostoma sp3 M_PL_019,M_PL_019,Genus,
Sepedophilus sp1 M_PL_044,M_PL_044,Genus,
Shaerophoria sp1 M_PL_033,M_PL_033,Subfamily,I think this is a spelling mistake: Sphaerophoria
Simulium sp1 M_PL_071,M_PL_060_12,Genus,
Simulium sp1 M_PL_083,M_PL_060_24,Genus,
Simulium sp2 M_PL_071,M_PL_060_12,Genus,
Siphona sp1 M_PL_066,M_PL_060_07,Genus,
Siphona sp1 M_PL_068,M_PL_060_09,Genus,
Siphona sp1 M_PL_076,M_PL_060_17,Genus,
Siphunculina sp1 M_PL_044,M_PL_044,Genus,
Sphaerophoria sp1 M_PL_004,M_PL_004,Genus,
Sphaerophoria sp1 M_PL_006,M_PL_006,Genus,
Sphaerophoria sp1 M_PL_007,M_PL_007,Genus,
Sphaerophoria sp1 M_PL_058,M_PL_058,Genus,
Sphecodes sp1 M_PL_004,M_PL_004,Genus,
Sphecodes sp1 M_PL_058,M_PL_058,Genus,
Sphegina sp1 M_PL_056,M_PL_056,Genus,
Sphegina sp1 M_PL_057,M_PL_057,Genus,
Sphegina sp2 M_PL_057,M_PL_057,Genus,
Sphegina sp3 M_PL_057,M_PL_057,Genus,
Sphegina sp4 M_PL_057,M_PL_057,Genus,
Spilogona sp1 M_PL_045,M_PL_045,Genus,
Spilogona sp1 M_PL_064,M_PL_060_05,Genus,
Stenodynerus sp1 M_PL_055,M_PL_055,Genus,
Stenopsocus sp1 M_PL_044,M_PL_044,Genus,
Stictomyia sp1 M_PL_044,M_PL_044,Genus,
Stigmus sp1 M_PL_056,M_PL_056,Genus,
Stratiomys sp1 M_PL_055,M_PL_055,Genus,
Strongylogaster sp1 M_PL_056,M_PL_056,Genus,
Symphyta sp1 M_PL_017,M_PL_017,Suborder,
Syritta sp1 M_PL_063,M_PL_060_04,Genus,
Syritta sp1 M_PL_064,M_PL_060_05,Genus,
Syritta sp1 M_PL_066,M_PL_060_07,Genus,
Syritta sp1 M_PL_067,M_PL_060_08,Genus,
Syritta sp1 M_PL_069,M_PL_060_10,Genus,
Syritta sp1 M_PL_070,M_PL_060_11,Genus,
Syritta sp1 M_PL_071,M_PL_060_12,Genus,
Syritta sp1 M_PL_075,M_PL_060_16,Genus,
Syritta sp1 M_PL_081,M_PL_060_22,Genus,
Syritta sp1 M_PL_082,M_PL_060_23,Genus,
Syritta sp1 M_PL_083,M_PL_060_24,Genus,
Syrphus sp1 M_PL_006,M_PL_006,Genus,
Syrphus sp1 M_PL_007,M_PL_007,Genus,
Syrphus sp1 M_PL_019,M_PL_019,Genus,
Syrphus sp1 M_PL_056,M_PL_056,Genus,
Tachinus sp1 M_PL_057,M_PL_057,Genus,
Tachytessp sp1 M_PL_044,M_PL_044,Genus,I think this is a spelling mistake: Tachytes
Tanyptera sp1 M_PL_044,M_PL_044,Genus,
Taxonus sp1 M_PL_057,M_PL_057,Genus,
Tenthredinidae sp1 M_PL_057,M_PL_057,Family,
Tenthredopsis sp1 M_PL_057,M_PL_057,Genus,
Tephritis sp1 M_PL_019,M_PL_019,Genus,
Tephritis sp2 M_PL_019,M_PL_019,Genus,
Tettigoniidae sp1 M_PL_060,M_PL_060_01,Family,
Thelaira sp1 M_PL_055,M_PL_055,Genus,
Thelairodrino sp1 M_PL_070,M_PL_060_11,Genus,
Thelairodrino sp1 M_PL_073,M_PL_060_14,Genus,
Thymelicus sp1 M_PL_006,M_PL_006,Genus,
Thysanoptera sp1 M_PL_045,M_PL_045,Order,
Tiphia sp1 M_PL_013,M_PL_013,Genus,
Tiphia sp1 M_PL_054,M_PL_054,Genus,
Tiphia sp1 M_PL_057,M_PL_057,Genus,
Trachys sp1 M_PL_057,M_PL_057,Genus,
Trichoptera sp139 M_PL_054,M_PL_054,Order,
Trichoptera sp140 M_PL_054,M_PL_054,Order,
Trichoptera sp496 M_PL_057,M_PL_057,Order,
Trichoptera sp497 M_PL_057,M_PL_057,Order,
Trichoptera sp498 M_PL_057,M_PL_057,Order,
Trichoptera sp499 M_PL_057,M_PL_057,Order,
Trichoptera sp500 M_PL_057,M_PL_057,Order,
Trichoptera sp501 M_PL_057,M_PL_057,Order,
Trichoptera sp502 M_PL_057,M_PL_057,Order,
Trichoptera sp503 M_PL_057,M_PL_057,Order,
Trirhithrum sp1 M_PL_069,M_PL_060_10,Genus,
Trirhithrum sp1 M_PL_071,M_PL_060_12,Genus,
Trogoderma sp1 M_PL_044,M_PL_044,Genus,
Trpocylon sp1 M_PL_057,M_PL_057,,Can't find
Tychius sp1 M_PL_044,M_PL_044,Genus,
Unidentified sp1 M_PL_013,M_PL_013,None,
Unidentified sp1 M_PL_019,M_PL_019,None,
Unidentified sp1 M_PL_025,M_PL_025,None,
Unidentified sp1 M_PL_044,M_PL_044,None,
Unidentified sp1 M_PL_045,M_PL_045,None,
Unidentified sp1 M_PL_051,M_PL_051,None,
Unidentified sp1 M_PL_054,M_PL_054,None,
Unidentified sp1 M_PL_055,M_PL_055,None,
Unidentified sp1 M_PL_056,M_PL_056,None,
Unidentified sp1 M_PL_057,M_PL_057,None,
Unidentified sp1 M_PL_061,M_PL_060_02,None,
Unidentified sp1 M_PL_068,M_PL_060_09,None,
Unidentified sp1 M_PL_072,M_PL_060_13,None,
Unidentified sp1 M_PL_074,M_PL_060_15,None,
Unidentified sp1 M_PL_098,M_PL_061_15,None,
Unidentified sp1 M_PL_103,M_PL_061_20,None,
Unidentified sp1 M_PL_106,M_PL_061_23,None,
Unidentified sp1 M_PL_112,M_PL_061_29,None,
Unidentified sp1 M_PL_113,M_PL_061_30,None,
Unidentified sp1 M_PL_120,M_PL_061_37,None,
Unidentified sp1 M_PL_122,M_PL_061_39,None,
Unidentified sp1 M_PL_123,M_PL_061_40,None,
Unidentified sp1 M_PL_131,M_PL_061_48,None,
Unidentified sp10 M_PL_013,M_PL_013,None,
Unidentified sp10 M_PL_044,M_PL_044,None,
Unidentified sp10 M_PL_051,M_PL_051,None,
Unidentified sp10 M_PL_054,M_PL_054,None,
Unidentified sp10 M_PL_055,M_PL_055,None,
Unidentified sp10 M_PL_056,M_PL_056,None,
Unidentified sp10 M_PL_057,M_PL_057,None,
Unidentified sp100 M_PL_044,M_PL_044,None,
Unidentified sp100 M_PL_054,M_PL_054,None,
Unidentified sp100 M_PL_056,M_PL_056,None,
Unidentified sp100 M_PL_057,M_PL_057,None,
Unidentified sp101 M_PL_044,M_PL_044,None,
Unidentified sp101 M_PL_054,M_PL_054,None,
Unidentified sp101 M_PL_056,M_PL_056,None,
Unidentified sp101 M_PL_057,M_PL_057,None,
Unidentified sp102 M_PL_044,M_PL_044,None,
Unidentified sp102 M_PL_056,M_PL_056,None,
Unidentified sp102 M_PL_057,M_PL_057,None,
Unidentified sp103 M_PL_044,M_PL_044,None,
Unidentified sp103 M_PL_054,M_PL_054,None,
Unidentified sp103 M_PL_056,M_PL_056,None,
Unidentified sp103 M_PL_057,M_PL_057,None,
Unidentified sp104 M_PL_044,M_PL_044,None,
Unidentified sp104 M_PL_054,M_PL_054,None,
Unidentified sp104 M_PL_056,M_PL_056,None,
Unidentified sp104 M_PL_057,M_PL_057,None,
Unidentified sp105 M_PL_044,M_PL_044,None,
Unidentified sp105 M_PL_054,M_PL_054,None,
Unidentified sp105 M_PL_056,M_PL_056,None,
Unidentified sp105 M_PL_057,M_PL_057,None,
Unidentified sp106 M_PL_044,M_PL_044,None,
Unidentified sp106 M_PL_054,M_PL_054,None,
Unidentified sp106 M_PL_056,M_PL_056,None,
Unidentified sp106 M_PL_057,M_PL_057,None,
Unidentified sp107 M_PL_044,M_PL_044,None,
Unidentified sp107 M_PL_054,M_PL_054,None,
Unidentified sp107 M_PL_056,M_PL_056,None,
Unidentified sp107 M_PL_057,M_PL_057,None,
Unidentified sp108 M_PL_044,M_PL_044,None,
Unidentified sp108 M_PL_054,M_PL_054,None,
Unidentified sp108 M_PL_056,M_PL_056,None,
Unidentified sp108 M_PL_057,M_PL_057,None,
Unidentified sp109 M_PL_044,M_PL_044,None,
Unidentified sp109 M_PL_054,M_PL_054,None,
Unidentified sp109 M_PL_056,M_PL_056,None,
Unidentified sp109 M_PL_057,M_PL_057,None,
Unidentified sp11 M_PL_013,M_PL_013,None,
Unidentified sp11 M_PL_044,M_PL_044,None,
Unidentified sp11 M_PL_051,M_PL_051,None,
Unidentified sp11 M_PL_054,M_PL_054,None,
Unidentified sp11 M_PL_055,M_PL_055,None,
Unidentified sp11 M_PL_056,M_PL_056,None,
Unidentified sp11 M_PL_057,M_PL_057,None,
Unidentified sp110 M_PL_044,M_PL_044,None,
Unidentified sp110 M_PL_054,M_PL_054,None,
Unidentified sp110 M_PL_056,M_PL_056,None,
Unidentified sp110 M_PL_057,M_PL_057,None,
Unidentified sp111 M_PL_044,M_PL_044,None,
Unidentified sp111 M_PL_056,M_PL_056,None,
Unidentified sp111 M_PL_057,M_PL_057,None,
Unidentified sp112 M_PL_044,M_PL_044,None,
Unidentified sp112 M_PL_054,M_PL_054,None,
Unidentified sp112 M_PL_056,M_PL_056,None,
Unidentified sp112 M_PL_057,M_PL_057,None,
Unidentified sp113 M_PL_044,M_PL_044,None,
Unidentified sp113 M_PL_054,M_PL_054,None,
Unidentified sp113 M_PL_056,M_PL_056,None,
Unidentified sp113 M_PL_057,M_PL_057,None,
Unidentified sp114 M_PL_044,M_PL_044,None,
Unidentified sp114 M_PL_054,M_PL_054,None,
Unidentified sp114 M_PL_056,M_PL_056,None,
Unidentified sp114 M_PL_057,M_PL_057,None,
Unidentified sp115 M_PL_044,M_PL_044,None,
Unidentified sp115 M_PL_054,M_PL_054,None,
Unidentified sp115 M_PL_056,M_PL_056,None,
Unidentified sp115 M_PL_057,M_PL_057,None,
Unidentified sp116 M_PL_044,M_PL_044,None,
Unidentified sp116 M_PL_054,M_PL_054,None,
Unidentified sp116 M_PL_056,M_PL_056,None,
Unidentified sp116 M_PL_057,M_PL_057,None,
Unidentified sp117 M_PL_044,M_PL_044,None,
Unidentified sp117 M_PL_054,M_PL_054,None,
Unidentified sp117 M_PL_056,M_PL_056,None,
Unidentified sp117 M_PL_057,M_PL_057,None,
Unidentified sp118 M_PL_044,M_PL_044,None,
Unidentified sp118 M_PL_054,M_PL_054,None,
Unidentified sp118 M_PL_056,M_PL_056,None,
Unidentified sp118 M_PL_057,M_PL_057,None,
Unidentified sp119 M_PL_044,M_PL_044,None,
Unidentified sp119 M_PL_054,M_PL_054,None,
Unidentified sp119 M_PL_056,M_PL_056,None,
Unidentified sp119 M_PL_057,M_PL_057,None,
Unidentified sp12 M_PL_013,M_PL_013,None,
Unidentified sp12 M_PL_044,M_PL_044,None,
Unidentified sp12 M_PL_051,M_PL_051,None,
Unidentified sp12 M_PL_054,M_PL_054,None,
Unidentified sp12 M_PL_055,M_PL_055,None,
Unidentified sp12 M_PL_056,M_PL_056,None,
Unidentified sp12 M_PL_057,M_PL_057,None,
Unidentified sp120 M_PL_044,M_PL_044,None,
Unidentified sp120 M_PL_054,M_PL_054,None,
Unidentified sp120 M_PL_056,M_PL_056,None,
Unidentified sp120 M_PL_057,M_PL_057,None,
Unidentified sp121 M_PL_044,M_PL_044,None,
Unidentified sp121 M_PL_054,M_PL_054,None,
Unidentified sp121 M_PL_056,M_PL_056,None,
Unidentified sp121 M_PL_057,M_PL_057,None,
Unidentified sp122 M_PL_044,M_PL_044,None,
Unidentified sp122 M_PL_054,M_PL_054,None,
Unidentified sp122 M_PL_056,M_PL_056,None,
Unidentified sp122 M_PL_057,M_PL_057,None,
Unidentified sp123 M_PL_044,M_PL_044,None,
Unidentified sp123 M_PL_054,M_PL_054,None,
Unidentified sp123 M_PL_056,M_PL_056,None,
Unidentified sp123 M_PL_057,M_PL_057,None,
Unidentified sp124 M_PL_044,M_PL_044,None,
Unidentified sp124 M_PL_054,M_PL_054,None,
Unidentified sp124 M_PL_056,M_PL_056,None,
Unidentified sp124 M_PL_057,M_PL_057,None,
Unidentified sp125 M_PL_044,M_PL_044,None,
Unidentified sp125 M_PL_054,M_PL_054,None,
Unidentified sp125 M_PL_056,M_PL_056,None,
Unidentified sp125 M_PL_057,M_PL_057,None,
Unidentified sp126 M_PL_044,M_PL_044,None,
Unidentified sp126 M_PL_054,M_PL_054,None,
Unidentified sp126 M_PL_056,M_PL_056,None,
Unidentified sp127 M_PL_044,M_PL_044,None,
Unidentified sp127 M_PL_054,M_PL_054,None,
Unidentified sp127 M_PL_056,M_PL_056,None,
Unidentified sp128 M_PL_044,M_PL_044,None,
Unidentified sp128 M_PL_056,M_PL_056,None,
Unidentified sp129 M_PL_044,M_PL_044,None,
Unidentified sp129 M_PL_054,M_PL_054,None,
Unidentified sp129 M_PL_056,M_PL_056,None,
Unidentified sp13 M_PL_013,M_PL_013,None,
Unidentified sp13 M_PL_044,M_PL_044,None,
Unidentified sp13 M_PL_051,M_PL_051,None,
Unidentified sp13 M_PL_054,M_PL_054,None,
Unidentified sp13 M_PL_055,M_PL_055,None,
Unidentified sp13 M_PL_056,M_PL_056,None,
Unidentified sp13 M_PL_057,M_PL_057,None,
Unidentified sp130 M_PL_044,M_PL_044,None,
Unidentified sp130 M_PL_054,M_PL_054,None,
Unidentified sp130 M_PL_056,M_PL_056,None,
Unidentified sp131 M_PL_044,M_PL_044,None,
Unidentified sp131 M_PL_054,M_PL_054,None,
Unidentified sp131 M_PL_056,M_PL_056,None,
Unidentified sp132 M_PL_044,M_PL_044,None,
Unidentified sp132 M_PL_056,M_PL_056,None,
Unidentified sp133 M_PL_044,M_PL_044,None,
Unidentified sp133 M_PL_056,M_PL_056,None,
Unidentified sp134 M_PL_044,M_PL_044,None,
Unidentified sp134 M_PL_056,M_PL_056,None,
Unidentified sp135 M_PL_044,M_PL_044,None,
Unidentified sp135 M_PL_056,M_PL_056,None,
Unidentified sp136 M_PL_044,M_PL_044,None,
Unidentified sp136 M_PL_056,M_PL_056,None,
Unidentified sp137 M_PL_044,M_PL_044,None,
Unidentified sp137 M_PL_054,M_PL_054,None,
Unidentified sp137 M_PL_056,M_PL_056,None,
Unidentified sp138 M_PL_044,M_PL_044,None,
Unidentified sp138 M_PL_056,M_PL_056,None,
Unidentified sp139 M_PL_044,M_PL_044,None,
Unidentified sp139 M_PL_056,M_PL_056,None,
Unidentified sp14 M_PL_013,M_PL_013,None,
Unidentified sp14 M_PL_017,M_PL_017,None,
Unidentified sp14 M_PL_044,M_PL_044,None,
Unidentified sp14 M_PL_051,M_PL_051,None,
Unidentified sp14 M_PL_054,M_PL_054,None,
Unidentified sp14 M_PL_055,M_PL_055,None,
Unidentified sp14 M_PL_056,M_PL_056,None,
Unidentified sp14 M_PL_057,M_PL_057,None,
Unidentified sp140 M_PL_044,M_PL_044,None,
Unidentified sp140 M_PL_056,M_PL_056,None,
Unidentified sp141 M_PL_044,M_PL_044,None,
Unidentified sp141 M_PL_056,M_PL_056,None,
Unidentified sp142 M_PL_044,M_PL_044,None,
Unidentified sp142 M_PL_056,M_PL_056,None,
Unidentified sp143 M_PL_044,M_PL_044,None,
Unidentified sp143 M_PL_056,M_PL_056,None,
Unidentified sp144 M_PL_044,M_PL_044,None,
Unidentified sp144 M_PL_056,M_PL_056,None,
Unidentified sp145 M_PL_044,M_PL_044,None,
Unidentified sp145 M_PL_056,M_PL_056,None,
Unidentified sp145 M_PL_057,M_PL_057,None,
Unidentified sp146 M_PL_044,M_PL_044,None,
Unidentified sp146 M_PL_056,M_PL_056,None,
Unidentified sp146 M_PL_057,M_PL_057,None,
Unidentified sp147 M_PL_044,M_PL_044,None,
Unidentified sp147 M_PL_056,M_PL_056,None,
Unidentified sp147 M_PL_057,M_PL_057,None,
Unidentified sp148 M_PL_044,M_PL_044,None,
Unidentified sp148 M_PL_056,M_PL_056,None,
Unidentified sp148 M_PL_057,M_PL_057,None,
Unidentified sp149 M_PL_044,M_PL_044,None,
Unidentified sp149 M_PL_056,M_PL_056,None,
Unidentified sp149 M_PL_057,M_PL_057,None,
Unidentified sp15 M_PL_013,M_PL_013,None,
Unidentified sp15 M_PL_044,M_PL_044,None,
Unidentified sp15 M_PL_051,M_PL_051,None,
Unidentified sp15 M_PL_054,M_PL_054,None,
Unidentified sp15 M_PL_055,M_PL_055,None,
Unidentified sp15 M_PL_056,M_PL_056,None,
Unidentified sp15 M_PL_057,M_PL_057,None,
Unidentified sp150 M_PL_044,M_PL_044,None,
Unidentified sp150 M_PL_056,M_PL_056,None,
Unidentified sp150 M_PL_057,M_PL_057,None,
Unidentified sp151 M_PL_044,M_PL_044,None,
Unidentified sp151 M_PL_056,M_PL_056,None,
Unidentified sp151 M_PL_057,M_PL_057,None,
Unidentified sp152 M_PL_044,M_PL_044,None,
Unidentified sp152 M_PL_056,M_PL_056,None,
Unidentified sp152 M_PL_057,M_PL_057,None,
Unidentified sp153 M_PL_044,M_PL_044,None,
Unidentified sp153 M_PL_056,M_PL_056,None,
Unidentified sp153 M_PL_057,M_PL_057,None,
Unidentified sp154 M_PL_044,M_PL_044,None,
Unidentified sp154 M_PL_056,M_PL_056,None,
Unidentified sp154 M_PL_057,M_PL_057,None,
Unidentified sp155 M_PL_044,M_PL_044,None,
Unidentified sp155 M_PL_056,M_PL_056,None,
Unidentified sp155 M_PL_057,M_PL_057,None,
Unidentified sp156 M_PL_044,M_PL_044,None,
Unidentified sp156 M_PL_056,M_PL_056,None,
Unidentified sp156 M_PL_057,M_PL_057,None,
Unidentified sp157 M_PL_044,M_PL_044,None,
Unidentified sp157 M_PL_057,M_PL_057,None,
Unidentified sp158 M_PL_044,M_PL_044,None,
Unidentified sp158 M_PL_057,M_PL_057,None,
Unidentified sp159 M_PL_044,M_PL_044,None,
Unidentified sp159 M_PL_057,M_PL_057,None,
Unidentified sp16 M_PL_013,M_PL_013,None,
Unidentified sp16 M_PL_044,M_PL_044,None,
Unidentified sp16 M_PL_051,M_PL_051,None,
Unidentified sp16 M_PL_054,M_PL_054,None,
Unidentified sp16 M_PL_055,M_PL_055,None,
Unidentified sp16 M_PL_056,M_PL_056,None,
Unidentified sp16 M_PL_057,M_PL_057,None,
Unidentified sp160 M_PL_044,M_PL_044,None,
Unidentified sp160 M_PL_057,M_PL_057,None,
Unidentified sp161 M_PL_044,M_PL_044,None,
Unidentified sp161 M_PL_057,M_PL_057,None,
Unidentified sp162 M_PL_044,M_PL_044,None,
Unidentified sp162 M_PL_057,M_PL_057,None,
Unidentified sp163 M_PL_044,M_PL_044,None,
Unidentified sp163 M_PL_057,M_PL_057,None,
Unidentified sp164 M_PL_044,M_PL_044,None,
Unidentified sp164 M_PL_057,M_PL_057,None,
Unidentified sp165 M_PL_044,M_PL_044,None,
Unidentified sp165 M_PL_057,M_PL_057,None,
Unidentified sp166 M_PL_044,M_PL_044,None,
Unidentified sp166 M_PL_057,M_PL_057,None,
Unidentified sp167 M_PL_044,M_PL_044,None,
Unidentified sp167 M_PL_057,M_PL_057,None,
Unidentified sp168 M_PL_044,M_PL_044,None,
Unidentified sp168 M_PL_057,M_PL_057,None,
Unidentified sp169 M_PL_044,M_PL_044,None,
Unidentified sp169 M_PL_057,M_PL_057,None,
Unidentified sp17 M_PL_044,M_PL_044,None,
Unidentified sp17 M_PL_051,M_PL_051,None,
Unidentified sp17 M_PL_054,M_PL_054,None,
Unidentified sp17 M_PL_055,M_PL_055,None,
Unidentified sp17 M_PL_056,M_PL_056,None,
Unidentified sp17 M_PL_057,M_PL_057,None,
Unidentified sp170 M_PL_044,M_PL_044,None,
Unidentified sp170 M_PL_057,M_PL_057,None,
Unidentified sp171 M_PL_044,M_PL_044,None,
Unidentified sp171 M_PL_057,M_PL_057,None,
Unidentified sp172 M_PL_044,M_PL_044,None,
Unidentified sp172 M_PL_057,M_PL_057,None,
Unidentified sp173 M_PL_044,M_PL_044,None,
Unidentified sp173 M_PL_057,M_PL_057,None,
Unidentified sp174 M_PL_044,M_PL_044,None,
Unidentified sp174 M_PL_057,M_PL_057,None,
Unidentified sp175 M_PL_044,M_PL_044,None,
Unidentified sp175 M_PL_057,M_PL_057,None,
Unidentified sp176 M_PL_044,M_PL_044,None,
Unidentified sp176 M_PL_057,M_PL_057,None,
Unidentified sp177 M_PL_044,M_PL_044,None,
Unidentified sp177 M_PL_057,M_PL_057,None,
Unidentified sp178 M_PL_044,M_PL_044,None,
Unidentified sp178 M_PL_057,M_PL_057,None,
Unidentified sp179 M_PL_044,M_PL_044,None,
Unidentified sp179 M_PL_057,M_PL_057,None,
Unidentified sp18 M_PL_044,M_PL_044,None,
Unidentified sp18 M_PL_051,M_PL_051,None,
Unidentified sp18 M_PL_055,M_PL_055,None,
Unidentified sp18 M_PL_056,M_PL_056,None,
Unidentified sp18 M_PL_057,M_PL_057,None,
Unidentified sp180 M_PL_044,M_PL_044,None,
Unidentified sp180 M_PL_057,M_PL_057,None,
Unidentified sp181 M_PL_044,M_PL_044,None,
Unidentified sp181 M_PL_057,M_PL_057,None,
Unidentified sp182 M_PL_044,M_PL_044,None,
Unidentified sp182 M_PL_057,M_PL_057,None,
Unidentified sp183 M_PL_044,M_PL_044,None,
Unidentified sp183 M_PL_057,M_PL_057,None,
Unidentified sp184 M_PL_044,M_PL_044,None,
Unidentified sp184 M_PL_057,M_PL_057,None,
Unidentified sp185 M_PL_044,M_PL_044,None,
Unidentified sp185 M_PL_057,M_PL_057,None,
Unidentified sp186 M_PL_044,M_PL_044,None,
Unidentified sp186 M_PL_057,M_PL_057,None,
Unidentified sp187 M_PL_044,M_PL_044,None,
Unidentified sp187 M_PL_057,M_PL_057,None,
Unidentified sp188 M_PL_044,M_PL_044,None,
Unidentified sp188 M_PL_057,M_PL_057,None,
Unidentified sp189 M_PL_044,M_PL_044,None,
Unidentified sp189 M_PL_057,M_PL_057,None,
Unidentified sp19 M_PL_044,M_PL_044,None,
Unidentified sp19 M_PL_055,M_PL_055,None,
Unidentified sp19 M_PL_056,M_PL_056,None,
Unidentified sp19 M_PL_057,M_PL_057,None,
Unidentified sp190 M_PL_044,M_PL_044,None,
Unidentified sp190 M_PL_057,M_PL_057,None,
Unidentified sp191 M_PL_044,M_PL_044,None,
Unidentified sp191 M_PL_057,M_PL_057,None,
Unidentified sp192 M_PL_044,M_PL_044,None,
Unidentified sp192 M_PL_057,M_PL_057,None,
Unidentified sp193 M_PL_044,M_PL_044,None,
Unidentified sp193 M_PL_057,M_PL_057,None,
Unidentified sp194 M_PL_044,M_PL_044,None,
Unidentified sp194 M_PL_057,M_PL_057,None,
Unidentified sp195 M_PL_044,M_PL_044,None,
Unidentified sp195 M_PL_057,M_PL_057,None,
Unidentified sp196 M_PL_044,M_PL_044,None,
Unidentified sp196 M_PL_057,M_PL_057,None,
Unidentified sp197 M_PL_044,M_PL_044,None,
Unidentified sp197 M_PL_057,M_PL_057,None,
Unidentified sp198 M_PL_044,M_PL_044,None,
Unidentified sp198 M_PL_057,M_PL_057,None,
Unidentified sp199 M_PL_044,M_PL_044,None,
Unidentified sp199 M_PL_057,M_PL_057,None,
Unidentified sp2 M_PL_013,M_PL_013,None,
Unidentified sp2 M_PL_019,M_PL_019,None,
Unidentified sp2 M_PL_044,M_PL_044,None,
Unidentified sp2 M_PL_045,M_PL_045,None,
Unidentified sp2 M_PL_051,M_PL_051,None,
Unidentified sp2 M_PL_054,M_PL_054,None,
Unidentified sp2 M_PL_055,M_PL_055,None,
Unidentified sp2 M_PL_056,M_PL_056,None,
Unidentified sp2 M_PL_057,M_PL_057,None,
Unidentified sp2 M_PL_084,M_PL_061_01,None,
Unidentified sp2 M_PL_085,M_PL_061_02,None,
Unidentified sp2 M_PL_086,M_PL_061_03,None,
Unidentified sp2 M_PL_087,M_PL_061_04,None,
Unidentified sp2 M_PL_088,M_PL_061_05,None,
Unidentified sp2 M_PL_089,M_PL_061_06,None,
Unidentified sp2 M_PL_090,M_PL_061_07,None,
Unidentified sp2 M_PL_091,M_PL_061_08,None,
Unidentified sp2 M_PL_092,M_PL_061_09,None,
Unidentified sp2 M_PL_093,M_PL_061_10,None,
Unidentified sp2 M_PL_095,M_PL_061_12,None,
Unidentified sp2 M_PL_096,M_PL_061_13,None,
Unidentified sp2 M_PL_098,M_PL_061_15,None,
Unidentified sp2 M_PL_099,M_PL_061_16,None,
Unidentified sp2 M_PL_101,M_PL_061_18,None,
Unidentified sp2 M_PL_104,M_PL_061_21,None,
Unidentified sp2 M_PL_106,M_PL_061_23,None,
Unidentified sp2 M_PL_107,M_PL_061_24,None,
Unidentified sp2 M_PL_111,M_PL_061_28,None,
Unidentified sp2 M_PL_114,M_PL_061_31,None,
Unidentified sp2 M_PL_115,M_PL_061_32,None,
Unidentified sp2 M_PL_119,M_PL_061_36,None,
Unidentified sp2 M_PL_120,M_PL_061_37,None,
Unidentified sp2 M_PL_121,M_PL_061_38,None,
Unidentified sp2 M_PL_122,M_PL_061_39,None,
Unidentified sp2 M_PL_127,M_PL_061_44,None,
Unidentified sp2 M_PL_129,M_PL_061_46,None,
Unidentified sp2 M_PL_130,M_PL_061_47,None,
Unidentified sp20 M_PL_013,M_PL_013,None,
Unidentified sp20 M_PL_051,M_PL_051,None,
Unidentified sp20 M_PL_055,M_PL_055,None,
Unidentified sp20 M_PL_056,M_PL_056,None,
Unidentified sp20 M_PL_057,M_PL_057,None,
Unidentified sp200 M_PL_044,M_PL_044,None,
Unidentified sp200 M_PL_057,M_PL_057,None,
Unidentified sp201 M_PL_044,M_PL_044,None,
Unidentified sp201 M_PL_057,M_PL_057,None,
Unidentified sp202 M_PL_044,M_PL_044,None,
Unidentified sp202 M_PL_057,M_PL_057,None,
Unidentified sp203 M_PL_044,M_PL_044,None,
Unidentified sp203 M_PL_057,M_PL_057,None,
Unidentified sp204 M_PL_044,M_PL_044,None,
Unidentified sp204 M_PL_057,M_PL_057,None,
Unidentified sp205 M_PL_044,M_PL_044,None,
Unidentified sp205 M_PL_057,M_PL_057,None,
Unidentified sp206 M_PL_044,M_PL_044,None,
Unidentified sp206 M_PL_057,M_PL_057,None,
Unidentified sp207 M_PL_044,M_PL_044,None,
Unidentified sp207 M_PL_057,M_PL_057,None,
Unidentified sp208 M_PL_044,M_PL_044,None,
Unidentified sp208 M_PL_057,M_PL_057,None,
Unidentified sp209 M_PL_044,M_PL_044,None,
Unidentified sp209 M_PL_057,M_PL_057,None,
Unidentified sp21 M_PL_044,M_PL_044,None,
Unidentified sp21 M_PL_051,M_PL_051,None,
Unidentified sp21 M_PL_054,M_PL_054,None,
Unidentified sp21 M_PL_055,M_PL_055,None,
Unidentified sp21 M_PL_056,M_PL_056,None,
Unidentified sp21 M_PL_057,M_PL_057,None,
Unidentified sp210 M_PL_044,M_PL_044,None,
Unidentified sp210 M_PL_057,M_PL_057,None,
Unidentified sp211 M_PL_044,M_PL_044,None,
Unidentified sp211 M_PL_057,M_PL_057,None,
Unidentified sp212 M_PL_044,M_PL_044,None,
Unidentified sp212 M_PL_057,M_PL_057,None,
Unidentified sp213 M_PL_044,M_PL_044,None,
Unidentified sp213 M_PL_057,M_PL_057,None,
Unidentified sp214 M_PL_044,M_PL_044,None,
Unidentified sp214 M_PL_057,M_PL_057,None,
Unidentified sp215 M_PL_044,M_PL_044,None,
Unidentified sp215 M_PL_057,M_PL_057,None,
Unidentified sp216 M_PL_044,M_PL_044,None,
Unidentified sp216 M_PL_057,M_PL_057,None,
Unidentified sp217 M_PL_044,M_PL_044,None,
Unidentified sp217 M_PL_057,M_PL_057,None,
Unidentified sp218 M_PL_044,M_PL_044,None,
Unidentified sp218 M_PL_057,M_PL_057,None,
Unidentified sp219 M_PL_044,M_PL_044,None,
Unidentified sp219 M_PL_057,M_PL_057,None,
Unidentified sp22 M_PL_013,M_PL_013,None,
Unidentified sp22 M_PL_044,M_PL_044,None,
Unidentified sp22 M_PL_051,M_PL_051,None,
Unidentified sp22 M_PL_054,M_PL_054,None,
Unidentified sp22 M_PL_055,M_PL_055,None,
Unidentified sp22 M_PL_056,M_PL_056,None,
Unidentified sp22 M_PL_057,M_PL_057,None,
Unidentified sp220 M_PL_044,M_PL_044,None,
Unidentified sp220 M_PL_057,M_PL_057,None,
Unidentified sp221 M_PL_044,M_PL_044,None,
Unidentified sp221 M_PL_057,M_PL_057,None,
Unidentified sp222 M_PL_044,M_PL_044,None,
Unidentified sp222 M_PL_057,M_PL_057,None,
Unidentified sp223 M_PL_044,M_PL_044,None,
Unidentified sp223 M_PL_057,M_PL_057,None,
Unidentified sp224 M_PL_044,M_PL_044,None,
Unidentified sp224 M_PL_057,M_PL_057,None,
Unidentified sp225 M_PL_044,M_PL_044,None,
Unidentified sp225 M_PL_057,M_PL_057,None,
Unidentified sp226 M_PL_044,M_PL_044,None,
Unidentified sp226 M_PL_057,M_PL_057,None,
Unidentified sp227 M_PL_044,M_PL_044,None,
Unidentified sp227 M_PL_057,M_PL_057,None,
Unidentified sp228 M_PL_044,M_PL_044,None,
Unidentified sp228 M_PL_057,M_PL_057,None,
Unidentified sp229 M_PL_044,M_PL_044,None,
Unidentified sp229 M_PL_057,M_PL_057,None,
Unidentified sp23 M_PL_044,M_PL_044,None,
Unidentified sp23 M_PL_054,M_PL_054,None,
Unidentified sp23 M_PL_055,M_PL_055,None,
Unidentified sp23 M_PL_056,M_PL_056,None,
Unidentified sp23 M_PL_057,M_PL_057,None,
Unidentified sp230 M_PL_044,M_PL_044,None,
Unidentified sp230 M_PL_057,M_PL_057,None,
Unidentified sp231 M_PL_044,M_PL_044,None,
Unidentified sp231 M_PL_057,M_PL_057,None,
Unidentified sp232 M_PL_044,M_PL_044,None,
Unidentified sp232 M_PL_057,M_PL_057,None,
Unidentified sp233 M_PL_044,M_PL_044,None,
Unidentified sp233 M_PL_057,M_PL_057,None,
Unidentified sp234 M_PL_044,M_PL_044,None,
Unidentified sp234 M_PL_057,M_PL_057,None,
Unidentified sp235 M_PL_044,M_PL_044,None,
Unidentified sp235 M_PL_057,M_PL_057,None,
Unidentified sp236 M_PL_044,M_PL_044,None,
Unidentified sp236 M_PL_057,M_PL_057,None,
Unidentified sp237 M_PL_044,M_PL_044,None,
Unidentified sp237 M_PL_057,M_PL_057,None,
Unidentified sp238 M_PL_044,M_PL_044,None,
Unidentified sp238 M_PL_057,M_PL_057,None,
Unidentified sp239 M_PL_044,M_PL_044,None,
Unidentified sp239 M_PL_057,M_PL_057,None,
Unidentified sp24 M_PL_013,M_PL_013,None,
Unidentified sp24 M_PL_044,M_PL_044,None,
Unidentified sp24 M_PL_054,M_PL_054,None,
Unidentified sp24 M_PL_056,M_PL_056,None,
Unidentified sp24 M_PL_057,M_PL_057,None,
Unidentified sp240 M_PL_044,M_PL_044,None,
Unidentified sp240 M_PL_057,M_PL_057,None,
Unidentified sp241 M_PL_044,M_PL_044,None,
Unidentified sp241 M_PL_057,M_PL_057,None,
Unidentified sp242 M_PL_044,M_PL_044,None,
Unidentified sp242 M_PL_057,M_PL_057,None,
Unidentified sp243 M_PL_044,M_PL_044,None,
Unidentified sp243 M_PL_057,M_PL_057,None,
Unidentified sp244 M_PL_044,M_PL_044,None,
Unidentified sp244 M_PL_057,M_PL_057,None,
Unidentified sp245 M_PL_044,M_PL_044,None,
Unidentified sp245 M_PL_057,M_PL_057,None,
Unidentified sp246 M_PL_044,M_PL_044,None,
Unidentified sp246 M_PL_057,M_PL_057,None,
Unidentified sp247 M_PL_044,M_PL_044,None,
Unidentified sp247 M_PL_057,M_PL_057,None,
Unidentified sp248 M_PL_044,M_PL_044,None,
Unidentified sp248 M_PL_057,M_PL_057,None,
Unidentified sp249 M_PL_044,M_PL_044,None,
Unidentified sp249 M_PL_057,M_PL_057,None,
Unidentified sp25 M_PL_013,M_PL_013,None,
Unidentified sp25 M_PL_044,M_PL_044,None,
Unidentified sp25 M_PL_051,M_PL_051,None,
Unidentified sp25 M_PL_054,M_PL_054,None,
Unidentified sp25 M_PL_056,M_PL_056,None,
Unidentified sp25 M_PL_057,M_PL_057,None,
Unidentified sp250 M_PL_044,M_PL_044,None,
Unidentified sp250 M_PL_057,M_PL_057,None,
Unidentified sp251 M_PL_044,M_PL_044,None,
Unidentified sp251 M_PL_057,M_PL_057,None,
Unidentified sp252 M_PL_044,M_PL_044,None,
Unidentified sp252 M_PL_057,M_PL_057,None,
Unidentified sp253 M_PL_044,M_PL_044,None,
Unidentified sp253 M_PL_057,M_PL_057,None,
Unidentified sp254 M_PL_044,M_PL_044,None,
Unidentified sp254 M_PL_057,M_PL_057,None,
Unidentified sp255 M_PL_044,M_PL_044,None,
Unidentified sp255 M_PL_057,M_PL_057,None,
Unidentified sp256 M_PL_044,M_PL_044,None,
Unidentified sp256 M_PL_057,M_PL_057,None,
Unidentified sp257 M_PL_044,M_PL_044,None,
Unidentified sp257 M_PL_057,M_PL_057,None,
Unidentified sp258 M_PL_044,M_PL_044,None,
Unidentified sp258 M_PL_057,M_PL_057,None,
Unidentified sp259 M_PL_044,M_PL_044,None,
Unidentified sp259 M_PL_057,M_PL_057,None,
Unidentified sp26 M_PL_013,M_PL_013,None,
Unidentified sp26 M_PL_044,M_PL_044,None,
Unidentified sp26 M_PL_051,M_PL_051,None,
Unidentified sp26 M_PL_054,M_PL_054,None,
Unidentified sp26 M_PL_056,M_PL_056,None,
Unidentified sp26 M_PL_057,M_PL_057,None,
Unidentified sp260 M_PL_044,M_PL_044,None,
Unidentified sp260 M_PL_057,M_PL_057,None,
Unidentified sp261 M_PL_057,M_PL_057,None,
Unidentified sp262 M_PL_057,M_PL_057,None,
Unidentified sp263 M_PL_057,M_PL_057,None,
Unidentified sp264 M_PL_057,M_PL_057,None,
Unidentified sp265 M_PL_057,M_PL_057,None,
Unidentified sp266 M_PL_057,M_PL_057,None,
Unidentified sp267 M_PL_057,M_PL_057,None,
Unidentified sp268 M_PL_057,M_PL_057,None,
Unidentified sp269 M_PL_057,M_PL_057,None,
Unidentified sp27 M_PL_013,M_PL_013,None,
Unidentified sp27 M_PL_044,M_PL_044,None,
Unidentified sp27 M_PL_051,M_PL_051,None,
Unidentified sp27 M_PL_054,M_PL_054,None,
Unidentified sp27 M_PL_056,M_PL_056,None,
Unidentified sp27 M_PL_057,M_PL_057,None,
Unidentified sp270 M_PL_057,M_PL_057,None,
Unidentified sp271 M_PL_057,M_PL_057,None,
Unidentified sp272 M_PL_057,M_PL_057,None,
Unidentified sp273 M_PL_057,M_PL_057,None,
Unidentified sp274 M_PL_057,M_PL_057,None,
Unidentified sp275 M_PL_057,M_PL_057,None,
Unidentified sp276 M_PL_057,M_PL_057,None,
Unidentified sp277 M_PL_057,M_PL_057,None,
Unidentified sp278 M_PL_057,M_PL_057,None,
Unidentified sp279 M_PL_057,M_PL_057,None,
Unidentified sp28 M_PL_013,M_PL_013,None,
Unidentified sp28 M_PL_044,M_PL_044,None,
Unidentified sp28 M_PL_054,M_PL_054,None,
Unidentified sp28 M_PL_056,M_PL_056,None,
Unidentified sp28 M_PL_057,M_PL_057,None,
Unidentified sp280 M_PL_057,M_PL_057,None,
Unidentified sp281 M_PL_057,M_PL_057,None,
Unidentified sp282 M_PL_057,M_PL_057,None,
Unidentified sp283 M_PL_057,M_PL_057,None,
Unidentified sp284 M_PL_057,M_PL_057,None,
Unidentified sp285 M_PL_057,M_PL_057,None,
Unidentified sp286 M_PL_057,M_PL_057,None,
Unidentified sp287 M_PL_057,M_PL_057,None,
Unidentified sp288 M_PL_057,M_PL_057,None,
Unidentified sp289 M_PL_057,M_PL_057,None,
Unidentified sp29 M_PL_013,M_PL_013,None,
Unidentified sp29 M_PL_044,M_PL_044,None,
Unidentified sp29 M_PL_051,M_PL_051,None,
Unidentified sp29 M_PL_054,M_PL_054,None,
Unidentified sp29 M_PL_056,M_PL_056,None,
Unidentified sp29 M_PL_057,M_PL_057,None,
Unidentified sp290 M_PL_057,M_PL_057,None,
Unidentified sp291 M_PL_057,M_PL_057,None,
Unidentified sp292 M_PL_057,M_PL_057,None,
Unidentified sp293 M_PL_057,M_PL_057,None,
Unidentified sp294 M_PL_057,M_PL_057,None,
Unidentified sp295 M_PL_057,M_PL_057,None,
Unidentified sp296 M_PL_057,M_PL_057,None,
Unidentified sp297 M_PL_057,M_PL_057,None,
Unidentified sp298 M_PL_057,M_PL_057,None,
Unidentified sp299 M_PL_057,M_PL_057,None,
Unidentified sp3 M_PL_013,M_PL_013,None,
Unidentified sp3 M_PL_019,M_PL_019,None,
Unidentified sp3 M_PL_044,M_PL_044,None,
Unidentified sp3 M_PL_045,M_PL_045,None,
Unidentified sp3 M_PL_051,M_PL_051,None,
Unidentified sp3 M_PL_054,M_PL_054,None,
Unidentified sp3 M_PL_055,M_PL_055,None,
Unidentified sp3 M_PL_056,M_PL_056,None,
Unidentified sp3 M_PL_057,M_PL_057,None,
Unidentified sp3 M_PL_089,M_PL_061_06,None,
Unidentified sp3 M_PL_090,M_PL_061_07,None,
Unidentified sp3 M_PL_091,M_PL_061_08,None,
Unidentified sp3 M_PL_092,M_PL_061_09,None,
Unidentified sp3 M_PL_094,M_PL_061_11,None,
Unidentified sp3 M_PL_095,M_PL_061_12,None,
Unidentified sp3 M_PL_096,M_PL_061_13,None,
Unidentified sp3 M_PL_098,M_PL_061_15,None,
Unidentified sp3 M_PL_099,M_PL_061_16,None,
Unidentified sp3 M_PL_101,M_PL_061_18,None,
Unidentified sp3 M_PL_102,M_PL_061_19,None,
Unidentified sp3 M_PL_104,M_PL_061_21,None,
Unidentified sp3 M_PL_106,M_PL_061_23,None,
Unidentified sp3 M_PL_107,M_PL_061_24,None,
Unidentified sp3 M_PL_114,M_PL_061_31,None,
Unidentified sp3 M_PL_115,M_PL_061_32,None,
Unidentified sp3 M_PL_120,M_PL_061_37,None,
Unidentified sp3 M_PL_121,M_PL_061_38,None,
Unidentified sp3 M_PL_123,M_PL_061_40,None,
Unidentified sp3 M_PL_128,M_PL_061_45,None,
Unidentified sp3 M_PL_129,M_PL_061_46,None,
Unidentified sp3 M_PL_130,M_PL_061_47,None,
Unidentified sp30 M_PL_013,M_PL_013,None,
Unidentified sp30 M_PL_044,M_PL_044,None,
Unidentified sp30 M_PL_051,M_PL_051,None,
Unidentified sp30 M_PL_054,M_PL_054,None,
Unidentified sp30 M_PL_056,M_PL_056,None,
Unidentified sp30 M_PL_057,M_PL_057,None,
Unidentified sp300 M_PL_057,M_PL_057,None,
Unidentified sp301 M_PL_057,M_PL_057,None,
Unidentified sp302 M_PL_057,M_PL_057,None,
Unidentified sp303 M_PL_057,M_PL_057,None,
Unidentified sp304 M_PL_057,M_PL_057,None,
Unidentified sp305 M_PL_057,M_PL_057,None,
Unidentified sp306 M_PL_057,M_PL_057,None,
Unidentified sp307 M_PL_057,M_PL_057,None,
Unidentified sp308 M_PL_057,M_PL_057,None,
Unidentified sp309 M_PL_057,M_PL_057,None,
Unidentified sp31 M_PL_013,M_PL_013,None,
Unidentified sp31 M_PL_044,M_PL_044,None,
Unidentified sp31 M_PL_051,M_PL_051,None,
Unidentified sp31 M_PL_054,M_PL_054,None,
Unidentified sp31 M_PL_056,M_PL_056,None,
Unidentified sp31 M_PL_057,M_PL_057,None,
Unidentified sp310 M_PL_057,M_PL_057,None,
Unidentified sp311 M_PL_057,M_PL_057,None,
Unidentified sp312 M_PL_057,M_PL_057,None,
Unidentified sp313 M_PL_057,M_PL_057,None,
Unidentified sp314 M_PL_057,M_PL_057,None,
Unidentified sp315 M_PL_057,M_PL_057,None,
Unidentified sp316 M_PL_057,M_PL_057,None,
Unidentified sp317 M_PL_057,M_PL_057,None,
Unidentified sp318 M_PL_057,M_PL_057,None,
Unidentified sp319 M_PL_057,M_PL_057,None,
Unidentified sp32 M_PL_013,M_PL_013,None,
Unidentified sp32 M_PL_044,M_PL_044,None,
Unidentified sp32 M_PL_051,M_PL_051,None,
Unidentified sp32 M_PL_054,M_PL_054,None,
Unidentified sp32 M_PL_056,M_PL_056,None,
Unidentified sp32 M_PL_057,M_PL_057,None,
Unidentified sp320 M_PL_057,M_PL_057,None,
Unidentified sp321 M_PL_057,M_PL_057,None,
Unidentified sp322 M_PL_057,M_PL_057,None,
Unidentified sp323 M_PL_057,M_PL_057,None,
Unidentified sp324 M_PL_057,M_PL_057,None,
Unidentified sp325 M_PL_057,M_PL_057,None,
Unidentified sp326 M_PL_057,M_PL_057,None,
Unidentified sp327 M_PL_057,M_PL_057,None,
Unidentified sp328 M_PL_057,M_PL_057,None,
Unidentified sp329 M_PL_057,M_PL_057,None,
Unidentified sp33 M_PL_013,M_PL_013,None,
Unidentified sp33 M_PL_044,M_PL_044,None,
Unidentified sp33 M_PL_054,M_PL_054,None,
Unidentified sp33 M_PL_056,M_PL_056,None,
Unidentified sp33 M_PL_057,M_PL_057,None,
Unidentified sp330 M_PL_057,M_PL_057,None,
Unidentified sp331 M_PL_057,M_PL_057,None,
Unidentified sp332 M_PL_057,M_PL_057,None,
Unidentified sp333 M_PL_057,M_PL_057,None,
Unidentified sp334 M_PL_057,M_PL_057,None,
Unidentified sp335 M_PL_057,M_PL_057,None,
Unidentified sp336 M_PL_057,M_PL_057,None,
Unidentified sp337 M_PL_057,M_PL_057,None,
Unidentified sp338 M_PL_057,M_PL_057,None,
Unidentified sp339 M_PL_057,M_PL_057,None,
Unidentified sp34 M_PL_013,M_PL_013,None,
Unidentified sp34 M_PL_044,M_PL_044,None,
Unidentified sp34 M_PL_054,M_PL_054,None,
Unidentified sp34 M_PL_056,M_PL_056,None,
Unidentified sp34 M_PL_057,M_PL_057,None,
Unidentified sp340 M_PL_057,M_PL_057,None,
Unidentified sp341 M_PL_057,M_PL_057,None,
Unidentified sp342 M_PL_057,M_PL_057,None,
Unidentified sp343 M_PL_057,M_PL_057,None,
Unidentified sp345 M_PL_057,M_PL_057,None,
Unidentified sp346 M_PL_057,M_PL_057,None,
Unidentified sp347 M_PL_057,M_PL_057,None,
Unidentified sp348 M_PL_057,M_PL_057,None,
Unidentified sp349 M_PL_057,M_PL_057,None,
Unidentified sp35 M_PL_013,M_PL_013,None,
Unidentified sp35 M_PL_044,M_PL_044,None,
Unidentified sp35 M_PL_056,M_PL_056,None,
Unidentified sp35 M_PL_057,M_PL_057,None,
Unidentified sp35 M_PL_058,M_PL_058,None,
Unidentified sp350 M_PL_057,M_PL_057,None,
Unidentified sp351 M_PL_057,M_PL_057,None,
Unidentified sp352 M_PL_057,M_PL_057,None,
Unidentified sp353 M_PL_057,M_PL_057,None,
Unidentified sp354 M_PL_057,M_PL_057,None,
Unidentified sp355 M_PL_057,M_PL_057,None,
Unidentified sp356 M_PL_057,M_PL_057,None,
Unidentified sp357 M_PL_057,M_PL_057,None,
Unidentified sp358 M_PL_057,M_PL_057,None,
Unidentified sp359 M_PL_057,M_PL_057,None,
Unidentified sp36 M_PL_013,M_PL_013,None,
Unidentified sp36 M_PL_017,M_PL_017,None,
Unidentified sp36 M_PL_044,M_PL_044,None,
Unidentified sp36 M_PL_056,M_PL_056,None,
Unidentified sp36 M_PL_057,M_PL_057,None,
Unidentified sp36 M_PL_058,M_PL_058,None,
Unidentified sp360 M_PL_057,M_PL_057,None,
Unidentified sp361 M_PL_057,M_PL_057,None,
Unidentified sp362 M_PL_057,M_PL_057,None,
Unidentified sp363 M_PL_057,M_PL_057,None,
Unidentified sp364 M_PL_057,M_PL_057,None,
Unidentified sp365 M_PL_057,M_PL_057,None,
Unidentified sp366 M_PL_057,M_PL_057,None,
Unidentified sp367 M_PL_057,M_PL_057,None,
Unidentified sp368 M_PL_057,M_PL_057,None,
Unidentified sp369 M_PL_057,M_PL_057,None,
Unidentified sp37 M_PL_044,M_PL_044,None,
Unidentified sp37 M_PL_051,M_PL_051,None,
Unidentified sp37 M_PL_056,M_PL_056,None,
Unidentified sp37 M_PL_057,M_PL_057,None,
Unidentified sp37 M_PL_058,M_PL_058,None,
Unidentified sp370 M_PL_057,M_PL_057,None,
Unidentified sp371 M_PL_057,M_PL_057,None,
Unidentified sp372 M_PL_057,M_PL_057,None,
Unidentified sp373 M_PL_057,M_PL_057,None,
Unidentified sp374 M_PL_057,M_PL_057,None,
Unidentified sp375 M_PL_057,M_PL_057,None,
Unidentified sp376 M_PL_057,M_PL_057,None,
Unidentified sp377 M_PL_057,M_PL_057,None,
Unidentified sp378 M_PL_057,M_PL_057,None,
Unidentified sp379 M_PL_057,M_PL_057,None,
Unidentified sp38 M_PL_044,M_PL_044,None,
Unidentified sp38 M_PL_051,M_PL_051,None,
Unidentified sp38 M_PL_056,M_PL_056,None,
Unidentified sp38 M_PL_057,M_PL_057,None,
Unidentified sp38 M_PL_058,M_PL_058,None,
Unidentified sp380 M_PL_057,M_PL_057,None,
Unidentified sp381 M_PL_057,M_PL_057,None,
Unidentified sp382 M_PL_057,M_PL_057,None,
Unidentified sp385 M_PL_057,M_PL_057,None,
Unidentified sp386 M_PL_057,M_PL_057,None,
Unidentified sp387 M_PL_057,M_PL_057,None,
Unidentified sp388 M_PL_057,M_PL_057,None,
Unidentified sp389 M_PL_057,M_PL_057,None,
Unidentified sp39 M_PL_044,M_PL_044,None,
Unidentified sp39 M_PL_051,M_PL_051,None,
Unidentified sp39 M_PL_056,M_PL_056,None,
Unidentified sp39 M_PL_057,M_PL_057,None,
Unidentified sp39 M_PL_058,M_PL_058,None,
Unidentified sp390 M_PL_057,M_PL_057,None,
Unidentified sp391 M_PL_057,M_PL_057,None,
Unidentified sp392 M_PL_057,M_PL_057,None,
Unidentified sp393 M_PL_057,M_PL_057,None,
Unidentified sp394 M_PL_057,M_PL_057,None,
Unidentified sp395 M_PL_057,M_PL_057,None,
Unidentified sp396 M_PL_057,M_PL_057,None,
Unidentified sp397 M_PL_057,M_PL_057,None,
Unidentified sp398 M_PL_057,M_PL_057,None,
Unidentified sp399 M_PL_057,M_PL_057,None,
Unidentified sp4 M_PL_019,M_PL_019,None,
Unidentified sp4 M_PL_044,M_PL_044,None,
Unidentified sp4 M_PL_045,M_PL_045,None,
Unidentified sp4 M_PL_051,M_PL_051,None,
Unidentified sp4 M_PL_054,M_PL_054,None,
Unidentified sp4 M_PL_055,M_PL_055,None,
Unidentified sp4 M_PL_056,M_PL_056,None,
Unidentified sp4 M_PL_057,M_PL_057,None,
Unidentified sp4 M_PL_087,M_PL_061_04,None,
Unidentified sp4 M_PL_089,M_PL_061_06,None,
Unidentified sp4 M_PL_091,M_PL_061_08,None,
Unidentified sp4 M_PL_093,M_PL_061_10,None,
Unidentified sp4 M_PL_094,M_PL_061_11,None,
Unidentified sp4 M_PL_096,M_PL_061_13,None,
Unidentified sp4 M_PL_098,M_PL_061_15,None,
Unidentified sp4 M_PL_099,M_PL_061_16,None,
Unidentified sp4 M_PL_101,M_PL_061_18,None,
Unidentified sp4 M_PL_102,M_PL_061_19,None,
Unidentified sp4 M_PL_111,M_PL_061_28,None,
Unidentified sp4 M_PL_114,M_PL_061_31,None,
Unidentified sp4 M_PL_115,M_PL_061_32,None,
Unidentified sp4 M_PL_120,M_PL_061_37,None,
Unidentified sp4 M_PL_121,M_PL_061_38,None,
Unidentified sp4 M_PL_123,M_PL_061_40,None,
Unidentified sp4 M_PL_128,M_PL_061_45,None,
Unidentified sp4 M_PL_130,M_PL_061_47,None,
Unidentified sp40 M_PL_017,M_PL_017,None,
Unidentified sp40 M_PL_044,M_PL_044,None,
Unidentified sp40 M_PL_051,M_PL_051,None,
Unidentified sp40 M_PL_056,M_PL_056,None,
Unidentified sp40 M_PL_057,M_PL_057,None,
Unidentified sp40 M_PL_058,M_PL_058,None,
Unidentified sp400 M_PL_057,M_PL_057,None,
Unidentified sp401 M_PL_057,M_PL_057,None,
Unidentified sp402 M_PL_057,M_PL_057,None,
Unidentified sp403 M_PL_057,M_PL_057,None,
Unidentified sp404 M_PL_057,M_PL_057,None,
Unidentified sp405 M_PL_057,M_PL_057,None,
Unidentified sp406 M_PL_057,M_PL_057,None,
Unidentified sp407 M_PL_057,M_PL_057,None,
Unidentified sp408 M_PL_057,M_PL_057,None,
Unidentified sp409 M_PL_057,M_PL_057,None,
Unidentified sp41 M_PL_044,M_PL_044,None,
Unidentified sp41 M_PL_056,M_PL_056,None,
Unidentified sp41 M_PL_057,M_PL_057,None,
Unidentified sp41 M_PL_058,M_PL_058,None,
Unidentified sp410 M_PL_057,M_PL_057,None,
Unidentified sp411 M_PL_057,M_PL_057,None,
Unidentified sp412 M_PL_057,M_PL_057,None,
Unidentified sp413 M_PL_057,M_PL_057,None,
Unidentified sp414 M_PL_057,M_PL_057,None,
Unidentified sp415 M_PL_057,M_PL_057,None,
Unidentified sp416 M_PL_057,M_PL_057,None,
Unidentified sp417 M_PL_057,M_PL_057,None,
Unidentified sp418 M_PL_057,M_PL_057,None,
Unidentified sp419 M_PL_057,M_PL_057,None,
Unidentified sp42 M_PL_044,M_PL_044,None,
Unidentified sp42 M_PL_056,M_PL_056,None,
Unidentified sp42 M_PL_057,M_PL_057,None,
Unidentified sp42 M_PL_058,M_PL_058,None,
Unidentified sp420 M_PL_057,M_PL_057,None,
Unidentified sp421 M_PL_057,M_PL_057,None,
Unidentified sp422 M_PL_057,M_PL_057,None,
Unidentified sp423 M_PL_057,M_PL_057,None,
Unidentified sp424 M_PL_057,M_PL_057,None,
Unidentified sp425 M_PL_057,M_PL_057,None,
Unidentified sp426 M_PL_057,M_PL_057,None,
Unidentified sp427 M_PL_057,M_PL_057,None,
Unidentified sp428 M_PL_057,M_PL_057,None,
Unidentified sp429 M_PL_057,M_PL_057,None,
Unidentified sp43 M_PL_017,M_PL_017,None,
Unidentified sp43 M_PL_044,M_PL_044,None,
Unidentified sp43 M_PL_056,M_PL_056,None,
Unidentified sp43 M_PL_057,M_PL_057,None,
Unidentified sp43 M_PL_058,M_PL_058,None,
Unidentified sp430 M_PL_057,M_PL_057,None,
Unidentified sp431 M_PL_057,M_PL_057,None,
Unidentified sp432 M_PL_057,M_PL_057,None,
Unidentified sp433 M_PL_057,M_PL_057,None,
Unidentified sp434 M_PL_057,M_PL_057,None,
Unidentified sp435 M_PL_057,M_PL_057,None,
Unidentified sp436 M_PL_057,M_PL_057,None,
Unidentified sp437 M_PL_057,M_PL_057,None,
Unidentified sp438 M_PL_057,M_PL_057,None,
Unidentified sp439 M_PL_057,M_PL_057,None,
Unidentified sp44 M_PL_044,M_PL_044,None,
Unidentified sp44 M_PL_056,M_PL_056,None,
Unidentified sp44 M_PL_057,M_PL_057,None,
Unidentified sp44 M_PL_058,M_PL_058,None,
Unidentified sp440 M_PL_057,M_PL_057,None,
Unidentified sp441 M_PL_057,M_PL_057,None,
Unidentified sp442 M_PL_057,M_PL_057,None,
Unidentified sp443 M_PL_057,M_PL_057,None,
Unidentified sp444 M_PL_057,M_PL_057,None,
Unidentified sp445 M_PL_057,M_PL_057,None,
Unidentified sp446 M_PL_057,M_PL_057,None,
Unidentified sp447 M_PL_057,M_PL_057,None,
Unidentified sp448 M_PL_057,M_PL_057,None,
Unidentified sp449 M_PL_057,M_PL_057,None,
Unidentified sp45 M_PL_044,M_PL_044,None,
Unidentified sp45 M_PL_056,M_PL_056,None,
Unidentified sp45 M_PL_057,M_PL_057,None,
Unidentified sp45 M_PL_058,M_PL_058,None,
Unidentified sp450 M_PL_057,M_PL_057,None,
Unidentified sp451 M_PL_057,M_PL_057,None,
Unidentified sp452 M_PL_057,M_PL_057,None,
Unidentified sp453 M_PL_057,M_PL_057,None,
Unidentified sp454 M_PL_057,M_PL_057,None,
Unidentified sp455 M_PL_057,M_PL_057,None,
Unidentified sp456 M_PL_057,M_PL_057,None,
Unidentified sp457 M_PL_057,M_PL_057,None,
Unidentified sp458 M_PL_057,M_PL_057,None,
Unidentified sp459 M_PL_057,M_PL_057,None,
Unidentified sp46 M_PL_044,M_PL_044,None,
Unidentified sp46 M_PL_051,M_PL_051,None,
Unidentified sp46 M_PL_056,M_PL_056,None,
Unidentified sp46 M_PL_057,M_PL_057,None,
Unidentified sp46 M_PL_058,M_PL_058,None,
Unidentified sp460 M_PL_057,M_PL_057,None,
Unidentified sp461 M_PL_057,M_PL_057,None,
Unidentified sp462 M_PL_057,M_PL_057,None,
Unidentified sp463 M_PL_057,M_PL_057,None,
Unidentified sp464 M_PL_057,M_PL_057,None,
Unidentified sp465 M_PL_057,M_PL_057,None,
Unidentified sp466 M_PL_057,M_PL_057,None,
Unidentified sp467 M_PL_057,M_PL_057,None,
Unidentified sp468 M_PL_057,M_PL_057,None,
Unidentified sp469 M_PL_057,M_PL_057,None,
Unidentified sp47 M_PL_044,M_PL_044,None,
Unidentified sp47 M_PL_051,M_PL_051,None,
Unidentified sp47 M_PL_056,M_PL_056,None,
Unidentified sp47 M_PL_057,M_PL_057,None,
Unidentified sp47 M_PL_058,M_PL_058,None,
Unidentified sp470 M_PL_057,M_PL_057,None,
Unidentified sp471 M_PL_057,M_PL_057,None,
Unidentified sp472 M_PL_057,M_PL_057,None,
Unidentified sp473 M_PL_057,M_PL_057,None,
Unidentified sp474 M_PL_057,M_PL_057,None,
Unidentified sp475 M_PL_057,M_PL_057,None,
Unidentified sp476 M_PL_057,M_PL_057,None,
Unidentified sp477 M_PL_057,M_PL_057,None,
Unidentified sp478 M_PL_057,M_PL_057,None,
Unidentified sp479 M_PL_057,M_PL_057,None,
Unidentified sp48 M_PL_044,M_PL_044,None,
Unidentified sp48 M_PL_051,M_PL_051,None,
Unidentified sp48 M_PL_056,M_PL_056,None,
Unidentified sp48 M_PL_057,M_PL_057,None,
Unidentified sp48 M_PL_058,M_PL_058,None,
Unidentified sp480 M_PL_057,M_PL_057,None,
Unidentified sp481 M_PL_057,M_PL_057,None,
Unidentified sp482 M_PL_057,M_PL_057,None,
Unidentified sp483 M_PL_057,M_PL_057,None,
Unidentified sp484 M_PL_057,M_PL_057,None,
Unidentified sp49 M_PL_044,M_PL_044,None,
Unidentified sp49 M_PL_051,M_PL_051,None,
Unidentified sp49 M_PL_056,M_PL_056,None,
Unidentified sp49 M_PL_057,M_PL_057,None,
Unidentified sp49 M_PL_058,M_PL_058,None,
Unidentified sp5 M_PL_019,M_PL_019,None,
Unidentified sp5 M_PL_044,M_PL_044,None,
Unidentified sp5 M_PL_045,M_PL_045,None,
Unidentified sp5 M_PL_054,M_PL_054,None,
Unidentified sp5 M_PL_055,M_PL_055,None,
Unidentified sp5 M_PL_056,M_PL_056,None,
Unidentified sp5 M_PL_057,M_PL_057,None,
Unidentified sp5 M_PL_090,M_PL_061_07,None,
Unidentified sp5 M_PL_096,M_PL_061_13,None,
Unidentified sp5 M_PL_098,M_PL_061_15,None,
Unidentified sp5 M_PL_114,M_PL_061_31,None,
Unidentified sp5 M_PL_119,M_PL_061_36,None,
Unidentified sp5 M_PL_121,M_PL_061_38,None,
Unidentified sp5 M_PL_123,M_PL_061_40,None,
Unidentified sp5 M_PL_126,M_PL_061_43,None,
Unidentified sp5 M_PL_130,M_PL_061_47,None,
Unidentified sp50 M_PL_044,M_PL_044,None,
Unidentified sp50 M_PL_051,M_PL_051,None,
Unidentified sp50 M_PL_056,M_PL_056,None,
Unidentified sp50 M_PL_057,M_PL_057,None,
Unidentified sp50 M_PL_058,M_PL_058,None,
Unidentified sp51 M_PL_044,M_PL_044,None,
Unidentified sp51 M_PL_056,M_PL_056,None,
Unidentified sp51 M_PL_057,M_PL_057,None,
Unidentified sp51 M_PL_058,M_PL_058,None,
Unidentified sp52 M_PL_044,M_PL_044,None,
Unidentified sp52 M_PL_054,M_PL_054,None,
Unidentified sp52 M_PL_056,M_PL_056,None,
Unidentified sp52 M_PL_057,M_PL_057,None,
Unidentified sp52 M_PL_058,M_PL_058,None,
Unidentified sp53 M_PL_044,M_PL_044,None,
Unidentified sp53 M_PL_054,M_PL_054,None,
Unidentified sp53 M_PL_056,M_PL_056,None,
Unidentified sp53 M_PL_057,M_PL_057,None,
Unidentified sp53 M_PL_058,M_PL_058,None,
Unidentified sp54 M_PL_044,M_PL_044,None,
Unidentified sp54 M_PL_054,M_PL_054,None,
Unidentified sp54 M_PL_056,M_PL_056,None,
Unidentified sp54 M_PL_057,M_PL_057,None,
Unidentified sp54 M_PL_058,M_PL_058,None,
Unidentified sp55 M_PL_044,M_PL_044,None,
Unidentified sp55 M_PL_054,M_PL_054,None,
Unidentified sp55 M_PL_056,M_PL_056,None,
Unidentified sp55 M_PL_057,M_PL_057,None,
Unidentified sp55 M_PL_058,M_PL_058,None,
Unidentified sp56 M_PL_044,M_PL_044,None,
Unidentified sp56 M_PL_054,M_PL_054,None,
Unidentified sp56 M_PL_056,M_PL_056,None,
Unidentified sp56 M_PL_057,M_PL_057,None,
Unidentified sp57 M_PL_044,M_PL_044,None,
Unidentified sp57 M_PL_054,M_PL_054,None,
Unidentified sp57 M_PL_056,M_PL_056,None,
Unidentified sp57 M_PL_057,M_PL_057,None,
Unidentified sp57 M_PL_058,M_PL_058,None,
Unidentified sp58 M_PL_044,M_PL_044,None,
Unidentified sp58 M_PL_054,M_PL_054,None,
Unidentified sp58 M_PL_056,M_PL_056,None,
Unidentified sp58 M_PL_057,M_PL_057,None,
Unidentified sp58 M_PL_058,M_PL_058,None,
Unidentified sp59 M_PL_044,M_PL_044,None,
Unidentified sp59 M_PL_054,M_PL_054,None,
Unidentified sp59 M_PL_056,M_PL_056,None,
Unidentified sp59 M_PL_057,M_PL_057,None,
Unidentified sp59 M_PL_058,M_PL_058,None,
Unidentified sp6 M_PL_019,M_PL_019,None,
Unidentified sp6 M_PL_044,M_PL_044,None,
Unidentified sp6 M_PL_051,M_PL_051,None,
Unidentified sp6 M_PL_054,M_PL_054,None,
Unidentified sp6 M_PL_055,M_PL_055,None,
Unidentified sp6 M_PL_056,M_PL_056,None,
Unidentified sp6 M_PL_057,M_PL_057,None,
Unidentified sp6 M_PL_089,M_PL_061_06,None,
Unidentified sp6 M_PL_096,M_PL_061_13,None,
Unidentified sp6 M_PL_098,M_PL_061_15,None,
Unidentified sp6 M_PL_121,M_PL_061_38,None,
Unidentified sp6 M_PL_128,M_PL_061_45,None,
Unidentified sp60 M_PL_044,M_PL_044,None,
Unidentified sp60 M_PL_054,M_PL_054,None,
Unidentified sp60 M_PL_056,M_PL_056,None,
Unidentified sp60 M_PL_057,M_PL_057,None,
Unidentified sp60 M_PL_058,M_PL_058,None,
Unidentified sp61 M_PL_044,M_PL_044,None,
Unidentified sp61 M_PL_054,M_PL_054,None,
Unidentified sp61 M_PL_056,M_PL_056,None,
Unidentified sp61 M_PL_057,M_PL_057,None,
Unidentified sp61 M_PL_058,M_PL_058,None,
Unidentified sp62 M_PL_044,M_PL_044,None,
Unidentified sp62 M_PL_054,M_PL_054,None,
Unidentified sp62 M_PL_056,M_PL_056,None,
Unidentified sp62 M_PL_057,M_PL_057,None,
Unidentified sp62 M_PL_058,M_PL_058,None,
Unidentified sp63 M_PL_044,M_PL_044,None,
Unidentified sp63 M_PL_054,M_PL_054,None,
Unidentified sp63 M_PL_056,M_PL_056,None,
Unidentified sp63 M_PL_057,M_PL_057,None,
Unidentified sp63 M_PL_058,M_PL_058,None,
Unidentified sp64 M_PL_044,M_PL_044,None,
Unidentified sp64 M_PL_054,M_PL_054,None,
Unidentified sp64 M_PL_056,M_PL_056,None,
Unidentified sp64 M_PL_057,M_PL_057,None,
Unidentified sp64 M_PL_058,M_PL_058,None,
Unidentified sp65 M_PL_044,M_PL_044,None,
Unidentified sp65 M_PL_054,M_PL_054,None,
Unidentified sp65 M_PL_056,M_PL_056,None,
Unidentified sp65 M_PL_057,M_PL_057,None,
Unidentified sp66 M_PL_044,M_PL_044,None,
Unidentified sp66 M_PL_054,M_PL_054,None,
Unidentified sp66 M_PL_056,M_PL_056,None,
Unidentified sp66 M_PL_057,M_PL_057,None,
Unidentified sp67 M_PL_044,M_PL_044,None,
Unidentified sp67 M_PL_054,M_PL_054,None,
Unidentified sp67 M_PL_056,M_PL_056,None,
Unidentified sp67 M_PL_057,M_PL_057,None,
Unidentified sp68 M_PL_044,M_PL_044,None,
Unidentified sp68 M_PL_054,M_PL_054,None,
Unidentified sp68 M_PL_056,M_PL_056,None,
Unidentified sp69 M_PL_044,M_PL_044,None,
Unidentified sp69 M_PL_054,M_PL_054,None,
Unidentified sp69 M_PL_056,M_PL_056,None,
Unidentified sp7 M_PL_013,M_PL_013,None,
Unidentified sp7 M_PL_019,M_PL_019,None,
Unidentified sp7 M_PL_044,M_PL_044,None,
Unidentified sp7 M_PL_045,M_PL_045,None,
Unidentified sp7 M_PL_051,M_PL_051,None,
Unidentified sp7 M_PL_054,M_PL_054,None,
Unidentified sp7 M_PL_055,M_PL_055,None,
Unidentified sp7 M_PL_056,M_PL_056,None,
Unidentified sp7 M_PL_057,M_PL_057,None,
Unidentified sp7 M_PL_062,M_PL_060_03,None,
Unidentified sp7 M_PL_121,M_PL_061_38,None,
Unidentified sp70 M_PL_044,M_PL_044,None,
Unidentified sp70 M_PL_054,M_PL_054,None,
Unidentified sp70 M_PL_056,M_PL_056,None,
Unidentified sp71 M_PL_044,M_PL_044,None,
Unidentified sp71 M_PL_054,M_PL_054,None,
Unidentified sp71 M_PL_056,M_PL_056,None,
Unidentified sp71 M_PL_057,M_PL_057,None,
Unidentified sp72 M_PL_044,M_PL_044,None,
Unidentified sp72 M_PL_054,M_PL_054,None,
Unidentified sp72 M_PL_056,M_PL_056,None,
Unidentified sp72 M_PL_057,M_PL_057,None,
Unidentified sp73 M_PL_044,M_PL_044,None,
Unidentified sp73 M_PL_054,M_PL_054,None,
Unidentified sp73 M_PL_056,M_PL_056,None,
Unidentified sp73 M_PL_057,M_PL_057,None,
Unidentified sp74 M_PL_044,M_PL_044,None,
Unidentified sp74 M_PL_054,M_PL_054,None,
Unidentified sp74 M_PL_056,M_PL_056,None,
Unidentified sp74 M_PL_057,M_PL_057,None,
Unidentified sp75 M_PL_044,M_PL_044,None,
Unidentified sp75 M_PL_054,M_PL_054,None,
Unidentified sp75 M_PL_056,M_PL_056,None,
Unidentified sp75 M_PL_057,M_PL_057,None,
Unidentified sp76 M_PL_044,M_PL_044,None,
Unidentified sp76 M_PL_054,M_PL_054,None,
Unidentified sp76 M_PL_056,M_PL_056,None,
Unidentified sp76 M_PL_057,M_PL_057,None,
Unidentified sp77 M_PL_044,M_PL_044,None,
Unidentified sp77 M_PL_054,M_PL_054,None,
Unidentified sp77 M_PL_056,M_PL_056,None,
Unidentified sp77 M_PL_057,M_PL_057,None,
Unidentified sp78 M_PL_044,M_PL_044,None,
Unidentified sp78 M_PL_054,M_PL_054,None,
Unidentified sp78 M_PL_056,M_PL_056,None,
Unidentified sp78 M_PL_057,M_PL_057,None,
Unidentified sp79 M_PL_044,M_PL_044,None,
Unidentified sp79 M_PL_054,M_PL_054,None,
Unidentified sp79 M_PL_056,M_PL_056,None,
Unidentified sp79 M_PL_057,M_PL_057,None,
Unidentified sp8 M_PL_013,M_PL_013,None,
Unidentified sp8 M_PL_017,M_PL_017,None,
Unidentified sp8 M_PL_019,M_PL_019,None,
Unidentified sp8 M_PL_044,M_PL_044,None,
Unidentified sp8 M_PL_045,M_PL_045,None,
Unidentified sp8 M_PL_054,M_PL_054,None,
Unidentified sp8 M_PL_055,M_PL_055,None,
Unidentified sp8 M_PL_056,M_PL_056,None,
Unidentified sp80 M_PL_044,M_PL_044,None,
Unidentified sp80 M_PL_054,M_PL_054,None,
Unidentified sp80 M_PL_056,M_PL_056,None,
Unidentified sp80 M_PL_057,M_PL_057,None,
Unidentified sp81 M_PL_044,M_PL_044,None,
Unidentified sp81 M_PL_054,M_PL_054,None,
Unidentified sp81 M_PL_056,M_PL_056,None,
Unidentified sp81 M_PL_057,M_PL_057,None,
Unidentified sp82 M_PL_044,M_PL_044,None,
Unidentified sp82 M_PL_054,M_PL_054,None,
Unidentified sp82 M_PL_056,M_PL_056,None,
Unidentified sp82 M_PL_057,M_PL_057,None,
Unidentified sp83 M_PL_044,M_PL_044,None,
Unidentified sp83 M_PL_054,M_PL_054,None,
Unidentified sp83 M_PL_056,M_PL_056,None,
Unidentified sp83 M_PL_057,M_PL_057,None,
Unidentified sp84 M_PL_044,M_PL_044,None,
Unidentified sp84 M_PL_054,M_PL_054,None,
Unidentified sp84 M_PL_056,M_PL_056,None,
Unidentified sp84 M_PL_057,M_PL_057,None,
Unidentified sp85 M_PL_044,M_PL_044,None,
Unidentified sp85 M_PL_054,M_PL_054,None,
Unidentified sp85 M_PL_056,M_PL_056,None,
Unidentified sp85 M_PL_057,M_PL_057,None,
Unidentified sp86 M_PL_044,M_PL_044,None,
Unidentified sp86 M_PL_054,M_PL_054,None,
Unidentified sp86 M_PL_056,M_PL_056,None,
Unidentified sp86 M_PL_057,M_PL_057,None,
Unidentified sp87 M_PL_044,M_PL_044,None,
Unidentified sp87 M_PL_054,M_PL_054,None,
Unidentified sp87 M_PL_056,M_PL_056,None,
Unidentified sp87 M_PL_057,M_PL_057,None,
Unidentified sp88 M_PL_044,M_PL_044,None,
Unidentified sp88 M_PL_054,M_PL_054,None,
Unidentified sp88 M_PL_056,M_PL_056,None,
Unidentified sp88 M_PL_057,M_PL_057,None,
Unidentified sp89 M_PL_044,M_PL_044,None,
Unidentified sp89 M_PL_054,M_PL_054,None,
Unidentified sp89 M_PL_056,M_PL_056,None,
Unidentified sp89 M_PL_057,M_PL_057,None,
Unidentified sp9 M_PL_013,M_PL_013,None,
Unidentified sp9 M_PL_017,M_PL_017,None,
Unidentified sp9 M_PL_044,M_PL_044,None,
Unidentified sp9 M_PL_045,M_PL_045,None,
Unidentified sp9 M_PL_051,M_PL_051,None,
Unidentified sp9 M_PL_055,M_PL_055,None,
Unidentified sp9 M_PL_056,M_PL_056,None,
Unidentified sp9 M_PL_057,M_PL_057,None,
Unidentified sp90 M_PL_044,M_PL_044,None,
Unidentified sp90 M_PL_054,M_PL_054,None,
Unidentified sp90 M_PL_056,M_PL_056,None,
Unidentified sp91 M_PL_044,M_PL_044,None,
Unidentified sp91 M_PL_054,M_PL_054,None,
Unidentified sp91 M_PL_056,M_PL_056,None,
Unidentified sp92 M_PL_044,M_PL_044,None,
Unidentified sp92 M_PL_054,M_PL_054,None,
Unidentified sp92 M_PL_056,M_PL_056,None,
Unidentified sp92 M_PL_057,M_PL_057,None,
Unidentified sp93 M_PL_044,M_PL_044,None,
Unidentified sp93 M_PL_054,M_PL_054,None,
Unidentified sp93 M_PL_056,M_PL_056,None,
Unidentified sp93 M_PL_057,M_PL_057,None,
Unidentified sp94 M_PL_044,M_PL_044,None,
Unidentified sp94 M_PL_054,M_PL_054,None,
Unidentified sp94 M_PL_056,M_PL_056,None,
Unidentified sp94 M_PL_057,M_PL_057,None,
Unidentified sp95 M_PL_044,M_PL_044,None,
Unidentified sp95 M_PL_054,M_PL_054,None,
Unidentified sp95 M_PL_056,M_PL_056,None,
Unidentified sp95 M_PL_057,M_PL_057,None,
Unidentified sp96 M_PL_044,M_PL_044,None,
Unidentified sp96 M_PL_054,M_PL_054,None,
Unidentified sp96 M_PL_056,M_PL_056,None,
Unidentified sp96 M_PL_057,M_PL_057,None,
Unidentified sp97 M_PL_044,M_PL_044,None,
Unidentified sp97 M_PL_054,M_PL_054,None,
Unidentified sp97 M_PL_056,M_PL_056,None,
Unidentified sp97 M_PL_057,M_PL_057,None,
Unidentified sp98 M_PL_044,M_PL_044,None,
Unidentified sp98 M_PL_054,M_PL_054,None,
Unidentified sp98 M_PL_056,M_PL_056,None,
Unidentified sp98 M_PL_057,M_PL_057,None,
Unidentified sp99 M_PL_044,M_PL_044,None,
Unidentified sp99 M_PL_054,M_PL_054,None,
Unidentified sp99 M_PL_056,M_PL_056,None,
Unidentified sp99 M_PL_057,M_PL_057,None,
Unientified sp1 M_PL_019,M_PL_019,None,
Unientified sp2 M_PL_019,M_PL_019,None,
Unientified sp3 M_PL_019,M_PL_019,None,
Unientified sp4 M_PL_019,M_PL_019,None,
Villa sp1 M_PL_019,M_PL_019,Genus,
Xanthochroa sp1 M_PL_057,M_PL_057,Genus,
Xestocephalus sp1 M_PL_044,M_PL_044,Genus,
Xylocopa sp1 M_PL_058,M_PL_058,Genus,
Xylocopa sp1 M_PL_059,M_PL_059,Genus,
Xylota sp1 M_PL_004,M_PL_004,Genus,
Zygaena sp1 M_PL_058,M_PL_058,Genus,
